timestamp,waktu,iterasi_ke,run_id,bus,v_berfore,v_after,i_before,i_after,v_dt,breaker_cmd,breaker_fb
2026-05-09 22:53:14,1,,no_attack,1,0.000000,0.000000,0.000000,0.000000,1.000000,1,0
2026-05-09 22:53:14,1,,no_attack,2,0.000000,0.000000,0.000000,0.000000,1.000000,1,0
2026-05-09 22:53:14,1,,no_attack,3,0.000000,0.000000,0.000000,0.000000,1.000000,1,0
2026-05-09 22:53:14,1,,no_attack,4,0.000000,0.000000,0.000000,0.000000,1.000000,1,0
2026-05-09 22:53:14,1,,no_attack,5,0.000000,0.000000,0.000000,0.000000,1.000000,1,0
2026-05-09 22:53:19,2,,no_attack,1,1.012000,1.012000,169.241379,169.241379,1.000000,1,1
2026-05-09 22:53:19,2,,no_attack,2,0.977000,0.977000,330.241379,330.241379,1.000000,1,1
2026-05-09 22:53:19,2,,no_attack,3,1.022000,1.022000,653.275862,653.275862,1.000000,1,1
2026-05-09 22:53:19,2,,no_attack,4,1.039000,1.039000,210.586207,210.586207,1.000000,1,1
2026-05-09 22:53:19,2,,no_attack,5,0.992000,0.992000,176.655172,176.655172,1.000000,1,1
2026-05-09 22:53:23,3,,no_attack,1,0.971000,0.971000,553.586207,553.586207,1.046280,1,1
2026-05-09 22:53:23,3,,no_attack,2,0.952000,0.952000,319.310345,319.310345,1.044387,1,1
2026-05-09 22:53:23,3,,no_attack,3,1.014000,1.014000,559.793103,559.793103,1.037513,1,1
2026-05-09 22:53:23,3,,no_attack,4,0.972000,0.972000,619.344828,619.344828,1.039874,1,1
2026-05-09 22:53:23,3,,no_attack,5,1.030000,1.030000,152.758621,152.758621,1.041455,1,1
2026-05-09 22:53:27,4,1,no_attack,1,1.030000,1.030000,664.724138,664.724138,1.043588,1,1
2026-05-09 22:53:27,4,1,no_attack,2,0.984000,0.984000,275.551724,275.551724,1.044352,1,1
2026-05-09 22:53:27,4,1,no_attack,3,1.045000,1.045000,391.379310,391.379310,1.037529,1,1
2026-05-09 22:53:27,4,1,no_attack,4,0.959000,0.959000,235.931034,235.931034,1.038374,1,1
2026-05-09 22:53:27,4,1,no_attack,5,1.034000,1.034000,592.448276,592.448276,1.040341,1,1
2026-05-09 22:53:31,5,1,no_attack,1,1.030000,1.030000,688.034483,688.034483,1.040716,1,1
2026-05-09 22:53:31,5,1,no_attack,2,1.002000,1.002000,891.586207,891.586207,1.044762,1,1
2026-05-09 22:53:31,5,1,no_attack,3,0.987000,0.987000,580.689655,580.689655,1.038306,1,1
2026-05-09 22:53:31,5,1,no_attack,4,1.032000,1.032000,604.413793,604.413793,1.038290,1,1
2026-05-09 22:53:31,5,1,no_attack,5,1.036000,1.036000,572.241379,572.241379,1.039739,1,1
2026-05-09 22:53:35,6,1,no_attack,1,1.020000,1.020000,183.724138,183.724138,1.038249,1,1
2026-05-09 22:53:35,6,1,no_attack,2,0.972000,0.972000,383.724138,383.724138,1.040934,1,1
2026-05-09 22:53:35,6,1,no_attack,3,0.957000,0.957000,344.586207,344.586207,1.036282,1,1
2026-05-09 22:53:35,6,1,no_attack,4,0.960000,0.960000,379.724138,379.724138,1.035635,1,1
2026-05-09 22:53:35,6,1,no_attack,5,1.012000,1.012000,425.068966,425.068966,1.037134,1,1
2026-05-09 22:53:39,7,1,no_attack,1,1.020000,1.020000,183.724138,183.724138,1.040939,1,1
2026-05-09 22:53:39,7,1,no_attack,2,0.972000,0.972000,383.724138,383.724138,1.042191,1,1
2026-05-09 22:53:39,7,1,no_attack,3,0.957000,0.957000,344.586207,344.586207,1.037249,1,1
2026-05-09 22:53:39,7,1,no_attack,4,0.960000,0.960000,379.724138,379.724138,1.035867,1,1
2026-05-09 22:53:39,7,1,no_attack,5,1.012000,1.012000,425.068966,425.068966,1.037358,1,1
2026-05-09 22:53:43,8,1,no_attack,1,0.987000,0.987000,316.448276,316.448276,1.042645,1,1
2026-05-09 22:53:43,8,1,no_attack,2,0.976000,0.976000,887.689655,887.689655,1.042928,1,1
2026-05-09 22:53:43,8,1,no_attack,3,1.014000,1.014000,608.172414,608.172414,1.037739,1,1
2026-05-09 22:53:43,8,1,no_attack,4,0.967000,0.967000,732.793103,732.793103,1.035848,1,1
2026-05-09 22:53:43,8,1,no_attack,5,0.966000,0.966000,457.379310,457.379310,1.037338,1,1
2026-05-09 22:53:47,9,2,no_attack,1,1.048000,1.048000,610.827586,610.827586,1.042493,1,1
2026-05-09 22:53:47,9,2,no_attack,2,1.004000,1.004000,670.931034,670.931034,1.039889,1,1
2026-05-09 22:53:47,9,2,no_attack,3,1.034000,1.034000,719.758621,719.758621,1.035594,1,1
2026-05-09 22:53:47,9,2,no_attack,4,0.972000,0.972000,181.965517,181.965517,1.033616,1,1
2026-05-09 22:53:47,9,2,no_attack,5,0.981000,0.981000,363.482759,363.482759,1.035404,1,1
2026-05-09 22:53:51,10,2,no_attack,1,0.971000,0.971000,897.724138,897.724138,1.040198,1,1
2026-05-09 22:53:51,10,2,no_attack,2,1.037000,1.037000,378.310345,378.310345,1.039384,1,1
2026-05-09 22:53:51,10,2,no_attack,3,1.014000,1.014000,447.379310,447.379310,1.035735,1,1
2026-05-09 22:53:51,10,2,no_attack,4,1.041000,1.041000,482.551724,482.551724,1.036137,1,1
2026-05-09 22:53:51,10,2,no_attack,5,0.976000,0.976000,348.862069,348.862069,1.037567,1,1
2026-05-09 22:53:55,11,2,no_attack,1,1.006000,1.006000,350.793103,350.793103,1.036968,1,1
2026-05-09 22:53:55,11,2,no_attack,2,1.008000,1.008000,830.344828,830.344828,1.040590,1,1
2026-05-09 22:53:55,11,2,no_attack,3,0.989000,0.989000,323.068966,323.068966,1.036562,1,1
2026-05-09 22:53:55,11,2,no_attack,4,1.049000,1.049000,515.551724,515.551724,1.036059,1,1
2026-05-09 22:53:55,11,2,no_attack,5,0.959000,0.959000,196.517241,196.517241,1.037641,1,1
2026-05-09 22:53:59,12,2,no_attack,1,1.006000,1.006000,350.793103,350.793103,1.038684,1,1
2026-05-09 22:53:59,12,2,no_attack,2,1.008000,1.008000,830.344828,830.344828,1.039391,1,1
2026-05-09 22:53:59,12,2,no_attack,3,0.989000,0.989000,323.068966,323.068966,1.036757,1,1
2026-05-09 22:53:59,12,2,no_attack,4,1.049000,1.049000,515.551724,515.551724,1.036122,1,1
2026-05-09 22:53:59,12,2,no_attack,5,0.959000,0.959000,196.517241,196.517241,1.037993,1,1
2026-05-09 22:54:03,13,2,no_attack,1,0.960000,0.960000,656.793103,656.793103,1.039777,1,1
2026-05-09 22:54:03,13,2,no_attack,2,1.029000,1.029000,461.068966,461.068966,1.038591,1,1
2026-05-09 22:54:03,13,2,no_attack,3,0.956000,0.956000,463.862069,463.862069,1.036864,1,1
2026-05-09 22:54:03,13,2,no_attack,4,1.049000,1.049000,529.862069,529.862069,1.036145,1,1
2026-05-09 22:54:03,13,2,no_attack,5,1.047000,1.047000,772.724138,772.724138,1.038204,1,1
2026-05-09 22:54:07,14,3,no_attack,1,0.951000,0.951000,738.344828,738.344828,1.038368,1,1
2026-05-09 22:54:07,14,3,no_attack,2,1.018000,1.018000,552.103448,552.103448,1.039198,1,1
2026-05-09 22:54:07,14,3,no_attack,3,0.976000,0.976000,656.758621,656.758621,1.035987,1,1
2026-05-09 22:54:07,14,3,no_attack,4,0.961000,0.961000,503.724138,503.724138,1.033540,1,1
2026-05-09 22:54:07,14,3,no_attack,5,0.995000,0.995000,884.172414,884.172414,1.035257,1,1
2026-05-09 22:54:11,15,3,no_attack,1,1.037000,1.037000,340.655172,340.655172,1.036810,1,1
2026-05-09 22:54:11,15,3,no_attack,2,1.000000,1.000000,288.793103,288.793103,1.038678,1,1
2026-05-09 22:54:11,15,3,no_attack,3,1.041000,1.041000,784.206897,784.206897,1.034462,1,1
2026-05-09 22:54:11,15,3,no_attack,4,0.979000,0.979000,653.068966,653.068966,1.031630,1,1
2026-05-09 22:54:11,15,3,no_attack,5,1.010000,1.010000,266.206897,266.206897,1.032972,1,1
2026-05-09 22:54:15,16,3,no_attack,1,1.026000,1.026000,549.551724,549.551724,1.038715,1,1
2026-05-09 22:54:15,16,3,no_attack,2,1.027000,1.027000,541.965517,541.965517,1.040203,1,1
2026-05-09 22:54:15,16,3,no_attack,3,0.950000,0.950000,420.827586,420.827586,1.034266,1,1
2026-05-09 22:54:15,16,3,no_attack,4,0.951000,0.951000,904.689655,904.689655,1.031840,1,1
2026-05-09 22:54:15,16,3,no_attack,5,1.037000,1.037000,758.206897,758.206897,1.033624,1,1
2026-05-09 22:54:19,17,3,no_attack,1,1.026000,1.026000,549.551724,549.551724,1.038715,1,1
2026-05-09 22:54:19,17,3,no_attack,2,1.027000,1.027000,541.965517,541.965517,1.040203,1,1
2026-05-09 22:54:19,17,3,no_attack,3,0.950000,0.950000,420.827586,420.827586,1.034266,1,1
2026-05-09 22:54:19,17,3,no_attack,4,0.951000,0.951000,904.689655,904.689655,1.031840,1,1
2026-05-09 22:54:19,17,3,no_attack,5,1.037000,1.037000,758.206897,758.206897,1.033624,1,1
2026-05-09 22:54:23,18,3,no_attack,1,0.980000,0.980000,200.586207,200.586207,1.038039,1,1
2026-05-09 22:54:23,18,3,no_attack,2,1.037000,1.037000,842.965517,842.965517,1.039391,1,1
2026-05-09 22:54:23,18,3,no_attack,3,0.958000,0.958000,545.862069,545.862069,1.033259,1,1
2026-05-09 22:54:23,18,3,no_attack,4,0.956000,0.956000,765.689655,765.689655,1.028404,1,1
2026-05-09 22:54:23,18,3,no_attack,5,1.026000,1.026000,244.000000,244.000000,1.030317,1,1
2026-05-09 22:54:27,19,1,no_attack,1,0.997000,0.997000,573.344828,573.344828,1.040429,1,1
2026-05-09 22:54:27,19,1,no_attack,2,0.976000,0.976000,837.689655,837.689655,1.037784,1,1
2026-05-09 22:54:27,19,1,no_attack,3,0.992000,0.992000,316.517241,316.517241,1.033072,1,1
2026-05-09 22:54:27,19,1,no_attack,4,1.002000,1.002000,706.551724,706.551724,1.029195,1,1
2026-05-09 22:54:27,19,1,no_attack,5,0.970000,0.970000,402.344828,402.344828,1.031459,1,1
2026-05-09 22:54:31,20,1,no_attack,1,1.049000,1.049000,617.655172,617.655172,1.039159,1,1
2026-05-09 22:54:31,20,1,no_attack,2,0.993000,0.993000,550.724138,550.724138,1.037123,1,1
2026-05-09 22:54:31,20,1,no_attack,3,0.962000,0.962000,336.689655,336.689655,1.033633,1,1
2026-05-09 22:54:31,20,1,no_attack,4,0.983000,0.983000,611.172414,611.172414,1.029657,1,1
2026-05-09 22:54:31,20,1,no_attack,5,0.973000,0.973000,329.413793,329.413793,1.031990,1,1
2026-05-09 22:54:35,21,1,no_attack,1,0.957000,0.957000,662.344828,662.344828,1.037931,1,1
2026-05-09 22:54:35,21,1,no_attack,2,0.972000,0.972000,866.655172,866.655172,1.038459,1,1
2026-05-09 22:54:35,21,1,no_attack,3,1.035000,1.035000,199.413793,199.413793,1.035085,1,1
2026-05-09 22:54:35,21,1,no_attack,4,0.973000,0.973000,680.655172,680.655172,1.031263,1,1
2026-05-09 22:54:35,21,1,no_attack,5,0.971000,0.971000,260.931034,260.931034,1.033576,1,1
2026-05-09 22:54:39,22,1,no_attack,1,0.957000,0.957000,662.344828,662.344828,1.037101,1,1
2026-05-09 22:54:39,22,1,no_attack,2,0.972000,0.972000,866.655172,866.655172,1.037780,1,1
2026-05-09 22:54:39,22,1,no_attack,3,1.035000,1.035000,199.413793,199.413793,1.035741,1,1
2026-05-09 22:54:39,22,1,no_attack,4,0.973000,0.973000,501.551724,501.551724,1.032120,1,1
2026-05-09 22:54:39,22,1,no_attack,5,0.992000,0.992000,512.689655,512.689655,1.034528,1,1
2026-05-09 22:54:43,23,1,no_attack,1,1.043000,1.043000,563.586207,563.586207,1.036541,1,1
2026-05-09 22:54:43,23,1,no_attack,2,0.997000,0.997000,753.068966,753.068966,1.037312,1,1
2026-05-09 22:54:43,23,1,no_attack,3,1.030000,1.030000,288.896552,288.896552,1.036127,1,1
2026-05-09 22:54:43,23,1,no_attack,4,0.959000,0.959000,501.551724,501.551724,1.032801,1,1
2026-05-09 22:54:43,23,1,no_attack,5,0.992000,0.992000,512.689655,512.689655,1.034879,1,1
2026-05-09 22:54:47,24,2,no_attack,1,1.022000,1.022000,651.241379,651.241379,1.036571,1,1
2026-05-09 22:54:47,24,2,no_attack,2,1.048000,1.048000,217.103448,217.103448,1.037429,1,1
2026-05-09 22:54:47,24,2,no_attack,3,0.990000,0.990000,415.379310,415.379310,1.036271,1,1
2026-05-09 22:54:47,24,2,no_attack,4,1.036000,1.036000,330.275862,330.275862,1.033214,1,1
2026-05-09 22:54:47,24,2,no_attack,5,0.969000,0.969000,510.551724,510.551724,1.035078,1,1
2026-05-09 22:54:51,25,2,no_attack,1,0.992000,0.992000,367.896552,367.896552,1.036263,1,1
2026-05-09 22:54:51,25,2,no_attack,2,0.974000,0.974000,878.758621,878.758621,1.040519,1,1
2026-05-09 22:54:51,25,2,no_attack,3,0.994000,0.994000,814.172414,814.172414,1.037534,1,1
2026-05-09 22:54:51,25,2,no_attack,4,1.004000,1.004000,190.172414,190.172414,1.034662,1,1
2026-05-09 22:54:51,25,2,no_attack,5,1.049000,1.049000,752.655172,752.655172,1.036262,1,1
2026-05-09 22:54:55,26,2,no_attack,1,1.046000,1.046000,820.655172,820.655172,1.038016,1,1
2026-05-09 22:54:55,26,2,no_attack,2,1.034000,1.034000,269.965517,269.965517,1.038272,1,1
2026-05-09 22:54:55,26,2,no_attack,3,0.998000,0.998000,316.034483,316.034483,1.035320,1,1
2026-05-09 22:54:55,26,2,no_attack,4,0.990000,0.990000,199.241379,199.241379,1.034498,1,1
2026-05-09 22:54:55,26,2,no_attack,5,0.987000,0.987000,915.172414,915.172414,1.035507,1,1
2026-05-09 22:54:59,27,2,no_attack,1,0.976000,0.976000,768.655172,768.655172,1.035619,1,1
2026-05-09 22:54:59,27,2,no_attack,2,0.995000,0.995000,477.344828,477.344828,1.040601,1,1
2026-05-09 22:54:59,27,2,no_attack,3,1.045000,1.045000,871.931034,871.931034,1.036726,1,1
2026-05-09 22:54:59,27,2,no_attack,4,1.004000,1.004000,696.620690,696.620690,1.034897,1,1
2026-05-09 22:54:59,27,2,no_attack,5,0.965000,0.965000,392.413793,392.413793,1.035446,1,1
2026-05-09 22:55:03,28,2,no_attack,1,0.976000,0.976000,768.655172,768.655172,1.034703,1,1
2026-05-09 22:55:03,28,2,no_attack,2,0.995000,0.995000,477.344828,477.344828,1.039789,1,1
2026-05-09 22:55:03,28,2,no_attack,3,1.045000,1.045000,871.931034,871.931034,1.034553,1,1
2026-05-09 22:55:03,28,2,no_attack,4,1.004000,1.004000,696.620690,696.620690,1.032879,1,1
2026-05-09 22:55:03,28,2,no_attack,5,0.965000,0.965000,392.413793,392.413793,1.034076,1,1
2026-05-09 22:55:07,29,3,no_attack,1,1.046000,1.046000,567.724138,567.724138,1.034098,1,1
2026-05-09 22:55:07,29,3,no_attack,2,1.004000,1.004000,720.034483,720.034483,1.039220,1,1
2026-05-09 22:55:07,29,3,no_attack,3,0.955000,0.955000,625.862069,625.862069,1.033053,1,1
2026-05-09 22:55:07,29,3,no_attack,4,1.000000,1.000000,802.758621,802.758621,1.031458,1,1
2026-05-09 22:55:07,29,3,no_attack,5,0.965000,0.965000,916.793103,916.793103,1.033082,1,1
2026-05-09 22:55:11,30,3,no_attack,1,0.958000,0.958000,307.172414,307.172414,1.034674,1,1
2026-05-09 22:55:11,30,3,no_attack,2,1.008000,1.008000,661.275862,661.275862,1.037283,1,1
2026-05-09 22:55:11,30,3,no_attack,3,0.973000,0.973000,250.620690,250.620690,1.031070,1,1
2026-05-09 22:55:11,30,3,no_attack,4,1.039000,1.039000,327.551724,327.551724,1.027441,1,1
2026-05-09 22:55:11,30,3,no_attack,5,1.008000,1.008000,619.137931,619.137931,1.029104,1,1
2026-05-09 22:55:15,31,3,no_attack,1,0.991000,0.991000,602.620690,602.620690,1.037725,1,1
2026-05-09 22:55:15,31,3,no_attack,2,1.002000,1.002000,863.551724,863.551724,1.038357,1,1
2026-05-09 22:55:15,31,3,no_attack,3,0.970000,0.970000,720.137931,720.137931,1.033759,1,1
2026-05-09 22:55:15,31,3,no_attack,4,0.973000,0.973000,466.620690,466.620690,1.030571,1,1
2026-05-09 22:55:15,31,3,no_attack,5,1.016000,1.016000,374.931034,374.931034,1.031943,1,1
2026-05-09 22:55:19,32,3,no_attack,1,0.981000,0.981000,739.655172,739.655172,1.037199,1,1
2026-05-09 22:55:19,32,3,no_attack,2,0.957000,0.957000,524.517241,524.517241,1.036873,1,1
2026-05-09 22:55:19,32,3,no_attack,3,1.049000,1.049000,869.034483,869.034483,1.033270,1,1
2026-05-09 22:55:19,32,3,no_attack,4,0.957000,0.957000,329.172414,329.172414,1.031857,1,1
2026-05-09 22:55:19,32,3,no_attack,5,0.976000,0.976000,885.206897,885.206897,1.033309,1,1
2026-05-09 22:55:23,33,3,no_attack,1,0.981000,0.981000,739.655172,739.655172,1.035904,1,1
2026-05-09 22:55:23,33,3,no_attack,2,0.957000,0.957000,524.517241,524.517241,1.037222,1,1
2026-05-09 22:55:23,33,3,no_attack,3,1.049000,1.049000,869.034483,869.034483,1.032223,1,1
2026-05-09 22:55:23,33,3,no_attack,4,0.957000,0.957000,329.172414,329.172414,1.031338,1,1
2026-05-09 22:55:23,33,3,no_attack,5,0.976000,0.976000,885.206897,885.206897,1.032324,1,1
2026-05-09 22:55:27,34,1,no_attack,1,1.038000,1.038000,793.034483,793.034483,1.035048,1,1
2026-05-09 22:55:27,34,1,no_attack,2,0.986000,0.986000,276.482759,276.482759,1.037427,1,1
2026-05-09 22:55:27,34,1,no_attack,3,1.033000,1.033000,666.931034,666.931034,1.031507,1,1
2026-05-09 22:55:27,34,1,no_attack,4,1.010000,1.010000,895.586207,895.586207,1.030956,1,1
2026-05-09 22:55:27,34,1,no_attack,5,1.014000,1.014000,156.103448,156.103448,1.031640,1,1
2026-05-09 22:55:31,35,1,no_attack,1,1.031000,1.031000,369.172414,369.172414,1.033868,1,1
2026-05-09 22:55:31,35,1,no_attack,2,1.016000,1.016000,854.758621,854.758621,1.039192,1,1
2026-05-09 22:55:31,35,1,no_attack,3,0.963000,0.963000,249.724138,249.724138,1.032344,1,1
2026-05-09 22:55:31,35,1,no_attack,4,0.960000,0.960000,598.034483,598.034483,1.030289,1,1
2026-05-09 22:55:31,35,1,no_attack,5,0.977000,0.977000,628.172414,628.172414,1.031989,1,1
2026-05-09 22:55:35,36,2,no_attack,1,1.020000,1.020000,301.275862,301.275862,1.036368,1,1
2026-05-09 22:55:35,36,2,no_attack,2,1.012000,1.012000,349.206897,349.206897,1.037980,1,1
2026-05-09 22:55:35,36,2,no_attack,3,0.998000,0.998000,844.068966,844.068966,1.033291,1,1
2026-05-09 22:55:35,36,2,no_attack,4,1.034000,1.034000,215.482759,215.482759,1.030425,1,1
2026-05-09 22:55:35,36,2,no_attack,5,0.992000,0.992000,366.379310,366.379310,1.032086,1,1
2026-05-09 22:55:39,37,2,no_attack,1,0.950000,0.950000,779.413793,779.413793,1.038864,1,1
2026-05-09 22:55:39,37,2,no_attack,2,1.012000,1.012000,347.586207,347.586207,1.039897,1,1
2026-05-09 22:55:39,37,2,no_attack,3,1.024000,1.024000,559.793103,559.793103,1.034387,1,1
2026-05-09 22:55:39,37,2,no_attack,4,0.992000,0.992000,161.068966,161.068966,1.033667,1,1
2026-05-09 22:55:39,37,2,no_attack,5,0.957000,0.957000,862.793103,862.793103,1.035107,1,1
2026-05-09 22:55:43,38,3,no_attack,1,1.040000,1.040000,546.620690,546.620690,1.037067,1,1
2026-05-09 22:55:43,38,3,no_attack,2,1.033000,1.033000,577.551724,577.551724,1.040980,1,1
2026-05-09 22:55:43,38,3,no_attack,3,0.964000,0.964000,258.862069,258.862069,1.035271,1,1
2026-05-09 22:55:43,38,3,no_attack,4,0.980000,0.980000,854.655172,854.655172,1.034569,1,1
2026-05-09 22:55:43,38,3,no_attack,5,1.029000,1.029000,785.793103,785.793103,1.035414,1,1
2026-05-09 22:55:47,39,3,no_attack,1,1.039000,1.039000,300.793103,300.793103,1.036934,1,1
2026-05-09 22:55:47,39,3,no_attack,2,0.974000,0.974000,236.896552,236.896552,1.039958,1,1
2026-05-09 22:55:47,39,3,no_attack,3,1.028000,1.028000,804.413793,804.413793,1.034452,1,1
2026-05-09 22:55:47,39,3,no_attack,4,0.990000,0.990000,631.896552,631.896552,1.030493,1,1
2026-05-09 22:55:47,39,3,no_attack,5,1.029000,1.029000,785.793103,785.793103,1.031749,1,1
2026-05-09 22:55:51,40,1,no_attack,1,1.039000,1.039000,300.793103,300.793103,1.038971,1,1
2026-05-09 22:55:51,40,1,no_attack,2,0.974000,0.974000,236.896552,236.896552,1.040759,1,1
2026-05-09 22:55:51,40,1,no_attack,3,1.028000,1.028000,804.413793,804.413793,1.033098,1,1
2026-05-09 22:55:51,40,1,no_attack,4,0.990000,0.990000,631.896552,631.896552,1.030493,1,1
2026-05-09 22:55:51,40,1,no_attack,5,0.965000,0.965000,892.655172,892.655172,1.031749,1,1
2026-05-09 22:55:55,41,1,no_attack,1,1.039000,1.039000,300.793103,300.793103,1.038971,1,1
2026-05-09 22:55:55,41,1,no_attack,2,0.974000,0.974000,236.896552,236.896552,1.040759,1,1
2026-05-09 22:55:55,41,1,no_attack,3,0.952000,0.952000,750.000000,750.000000,1.033098,1,1
2026-05-09 22:55:55,41,1,no_attack,4,0.983000,0.983000,877.275862,877.275862,1.028667,1,1
2026-05-09 22:55:55,41,1,no_attack,5,1.030000,1.030000,787.827586,787.827586,1.029978,1,1
2026-05-09 22:55:59,42,2,no_attack,1,1.036000,1.036000,865.620690,865.620690,1.040204,1,1
2026-05-09 22:55:59,42,2,no_attack,2,1.031000,1.031000,800.000000,800.000000,1.041067,1,1
2026-05-09 22:55:59,42,2,no_attack,3,0.952000,0.952000,750.000000,750.000000,1.031815,1,1
2026-05-09 22:55:59,42,2,no_attack,4,0.983000,0.983000,877.275862,877.275862,1.025766,1,1
2026-05-09 22:55:59,42,2,no_attack,5,1.030000,1.030000,787.827586,787.827586,1.027388,1,1
2026-05-09 22:56:03,43,2,no_attack,1,1.031000,1.031000,345.310345,345.310345,1.036247,1,1
2026-05-09 22:56:03,43,2,no_attack,2,1.028000,1.028000,228.413793,228.413793,1.037509,1,1
2026-05-09 22:56:03,43,2,no_attack,3,1.037000,1.037000,778.482759,778.482759,1.029506,1,1
2026-05-09 22:56:03,43,2,no_attack,4,0.972000,0.972000,797.551724,797.551724,1.023287,1,1
2026-05-09 22:56:03,43,2,no_attack,5,0.996000,0.996000,386.862069,386.862069,1.025047,1,1
2026-05-09 22:56:07,44,3,no_attack,1,1.029000,1.029000,316.793103,316.793103,1.038285,1,1
2026-05-09 22:56:07,44,3,no_attack,2,0.952000,0.952000,314.862069,314.862069,1.039480,1,1
2026-05-09 22:56:07,44,3,no_attack,3,0.982000,0.982000,826.034483,826.034483,1.030617,1,1
2026-05-09 22:56:07,44,3,no_attack,4,1.046000,1.046000,349.137931,349.137931,1.025100,1,1
2026-05-09 22:56:07,44,3,no_attack,5,1.014000,1.014000,451.034483,451.034483,1.027220,1,1
2026-05-09 22:56:11,45,,no_attack,1,1.048000,1.048000,535.724138,535.724138,1.039903,1,1
2026-05-09 22:56:11,45,,no_attack,2,1.043000,1.043000,230.413793,230.413793,1.040884,1,1
2026-05-09 22:56:11,45,,no_attack,3,1.047000,1.047000,275.758621,275.758621,1.032234,1,1
2026-05-09 22:56:11,45,,no_attack,4,1.046000,1.046000,339.344828,339.344828,1.028870,1,1
2026-05-09 22:56:11,45,,no_attack,5,0.960000,0.960000,503.724138,503.724138,1.030696,1,1
2026-05-09 22:56:15,46,,no_attack,1,1.022000,1.022000,383.034483,383.034483,1.039238,1,1
2026-05-09 22:56:15,46,,no_attack,2,1.010000,1.010000,536.931034,536.931034,1.042865,1,1
2026-05-09 22:56:15,46,,no_attack,3,0.988000,0.988000,599.241379,599.241379,1.035228,1,1
2026-05-09 22:56:15,46,,no_attack,4,0.975000,0.975000,710.620690,710.620690,1.031864,1,1
2026-05-09 22:56:15,46,,no_attack,5,0.950000,0.950000,903.586207,903.586207,1.033476,1,1
2026-05-09 22:56:19,47,,no_attack,1,1.002000,1.002000,698.620690,698.620690,1.039719,1,1
2026-05-09 22:56:19,47,,no_attack,2,1.024000,1.024000,648.379310,648.379310,1.041160,1,1
2026-05-09 22:56:19,47,,no_attack,3,0.986000,0.986000,208.758621,208.758621,1.033608,1,1
2026-05-09 22:56:19,47,,no_attack,4,1.016000,1.016000,397.862069,397.862069,1.029122,1,1
2026-05-09 22:56:19,47,,no_attack,5,0.981000,0.981000,814.551724,814.551724,1.030682,1,1
2026-05-09 22:56:23,48,,no_attack,1,1.002000,1.002000,698.620690,698.620690,1.037781,1,1
2026-05-09 22:56:23,48,,no_attack,2,1.024000,1.024000,648.379310,648.379310,1.040389,1,1
2026-05-09 22:56:23,48,,no_attack,3,0.986000,0.986000,208.758621,208.758621,1.034815,1,1
2026-05-09 22:56:23,48,,no_attack,4,1.016000,1.016000,397.862069,397.862069,1.030298,1,1
2026-05-09 22:56:23,48,,no_attack,5,0.981000,0.981000,814.551724,814.551724,1.031515,1,1
2026-05-09 22:56:27,49,,no_attack,1,1.020000,1.020000,373.413793,373.413793,1.036500,1,1
2026-05-09 22:56:27,49,,no_attack,2,0.980000,0.980000,473.068966,473.068966,1.039849,1,1
2026-05-09 22:56:27,49,,no_attack,3,0.990000,0.990000,381.793103,381.793103,1.035557,1,1
2026-05-09 22:56:27,49,,no_attack,4,0.962000,0.962000,491.551724,491.551724,1.031028,1,1
2026-05-09 22:56:27,49,,no_attack,5,1.044000,1.044000,640.965517,640.965517,1.032021,1,1
2026-05-09 22:56:31,50,,no_attack,1,1.040000,1.040000,597.965517,597.965517,1.038224,1,1
2026-05-09 22:56:31,50,,no_attack,2,0.980000,0.980000,582.068966,582.068966,1.040540,1,1
2026-05-09 22:56:31,50,,no_attack,3,0.950000,0.950000,390.931034,390.931034,1.035858,1,1
2026-05-09 22:56:31,50,,no_attack,4,0.992000,0.992000,599.137931,599.137931,1.031349,1,1
2026-05-09 22:56:31,50,,no_attack,5,1.014000,1.014000,499.482759,499.482759,1.032414,1,1
2026-05-09 22:56:35,51,,no_attack,1,0.994000,0.994000,317.379310,317.379310,1.037441,1,1
2026-05-09 22:56:35,51,,no_attack,2,0.997000,0.997000,842.206897,842.206897,1.040270,1,1
2026-05-09 22:56:35,51,,no_attack,3,1.029000,1.029000,273.862069,273.862069,1.035884,1,1
2026-05-09 22:56:35,51,,no_attack,4,0.958000,0.958000,569.344828,569.344828,1.031459,1,1
2026-05-09 22:56:35,51,,no_attack,5,1.012000,1.012000,402.862069,402.862069,1.032801,1,1
2026-05-09 22:56:39,52,,no_attack,1,1.031000,1.031000,703.103448,703.103448,1.039219,1,1
2026-05-09 22:56:39,52,,no_attack,2,1.016000,1.016000,318.379310,318.379310,1.039033,1,1
2026-05-09 22:56:39,52,,no_attack,3,0.969000,0.969000,176.482759,176.482759,1.035990,1,1
2026-05-09 22:56:39,52,,no_attack,4,0.974000,0.974000,528.448276,528.448276,1.032214,1,1
2026-05-09 22:56:39,52,,no_attack,5,1.034000,1.034000,201.068966,201.068966,1.033773,1,1
2026-05-09 22:56:43,53,,no_attack,1,1.031000,1.031000,703.103448,703.103448,1.037542,1,1
2026-05-09 22:56:43,53,,no_attack,2,1.016000,1.016000,318.379310,318.379310,1.041379,1,1
2026-05-09 22:56:43,53,,no_attack,3,0.969000,0.969000,176.482759,176.482759,1.038032,1,1
2026-05-09 22:56:43,53,,no_attack,4,0.974000,0.974000,528.448276,528.448276,1.034207,1,1
2026-05-09 22:56:43,53,,no_attack,5,1.034000,1.034000,201.068966,201.068966,1.036023,1,1
2026-05-09 22:56:47,54,,no_attack,1,0.991000,0.991000,638.379310,638.379310,1.036419,1,1
2026-05-09 22:56:47,54,,no_attack,2,0.969000,0.969000,705.241379,705.241379,1.042844,1,1
2026-05-09 22:56:47,54,,no_attack,3,0.999000,0.999000,338.827586,338.827586,1.039269,1,1
2026-05-09 22:56:47,54,,no_attack,4,1.014000,1.014000,154.344828,154.344828,1.035391,1,1
2026-05-09 22:56:47,54,,no_attack,5,1.025000,1.025000,721.793103,721.793103,1.037376,1,1
2026-05-09 22:56:51,55,,no_attack,1,0.960000,0.960000,496.344828,496.344828,1.036217,1,1
2026-05-09 22:56:51,55,,no_attack,2,0.967000,0.967000,912.827586,912.827586,1.041596,1,1
2026-05-09 22:56:51,55,,no_attack,3,1.000000,1.000000,190.517241,190.517241,1.038861,1,1
2026-05-09 22:56:51,55,,no_attack,4,0.974000,0.974000,820.206897,820.206897,1.036284,1,1
2026-05-09 22:56:51,55,,no_attack,5,0.995000,0.995000,767.172414,767.172414,1.037541,1,1
2026-05-09 22:56:55,56,,no_attack,1,1.016000,1.016000,891.137931,891.137931,1.037011,1,1
2026-05-09 22:56:55,56,,no_attack,2,1.008000,1.008000,868.896552,868.896552,1.039008,1,1
2026-05-09 22:56:55,56,,no_attack,3,1.039000,1.039000,596.517241,596.517241,1.036694,1,1
2026-05-09 22:56:55,56,,no_attack,4,1.020000,1.020000,526.034483,526.034483,1.032151,1,1
2026-05-09 22:56:55,56,,no_attack,5,1.033000,1.033000,552.172414,552.172414,1.033653,1,1
2026-05-09 22:56:59,57,,no_attack,1,1.039000,1.039000,692.275862,692.275862,1.034235,1,1
2026-05-09 22:56:59,57,,no_attack,2,0.997000,0.997000,351.137931,351.137931,1.036826,1,1
2026-05-09 22:56:59,57,,no_attack,3,0.974000,0.974000,655.517241,655.517241,1.034728,1,1
2026-05-09 22:56:59,57,,no_attack,4,1.026000,1.026000,535.931034,535.931034,1.031519,1,1
2026-05-09 22:56:59,57,,no_attack,5,1.012000,1.012000,357.448276,357.448276,1.032977,1,1
2026-05-09 22:57:03,58,,no_attack,1,1.039000,1.039000,692.275862,692.275862,1.034204,1,1
2026-05-09 22:57:03,58,,no_attack,2,0.997000,0.997000,351.137931,351.137931,1.038860,1,1
2026-05-09 22:57:03,58,,no_attack,3,0.974000,0.974000,655.517241,655.517241,1.035149,1,1
2026-05-09 22:57:03,58,,no_attack,4,1.026000,1.026000,535.931034,535.931034,1.032389,1,1
2026-05-09 22:57:03,58,,no_attack,5,1.012000,1.012000,357.448276,357.448276,1.034038,1,1
2026-05-09 22:57:07,59,,no_attack,1,0.957000,0.957000,386.827586,386.827586,1.034175,1,1
2026-05-09 22:57:07,59,,no_attack,2,0.977000,0.977000,405.655172,405.655172,1.040141,1,1
2026-05-09 22:57:07,59,,no_attack,3,1.004000,1.004000,257.068966,257.068966,1.035373,1,1
2026-05-09 22:57:07,59,,no_attack,4,0.973000,0.973000,700.689655,700.689655,1.032908,1,1
2026-05-09 22:57:07,59,,no_attack,5,1.020000,1.020000,197.448276,197.448276,1.034681,1,1
2026-05-09 22:57:11,60,,no_attack,1,0.990000,0.990000,571.724138,571.724138,1.036932,1,1
2026-05-09 22:57:11,60,,no_attack,2,0.991000,0.991000,312.931034,312.931034,1.041510,1,1
2026-05-09 22:57:11,60,,no_attack,3,0.992000,0.992000,849.517241,849.517241,1.036695,1,1
2026-05-09 22:57:11,60,,no_attack,4,1.008000,1.008000,677.379310,677.379310,1.033297,1,1
2026-05-09 22:57:11,60,,no_attack,5,1.035000,1.035000,711.137931,711.137931,1.035474,1,1
2026-05-09 22:57:15,61,,no_attack,1,0.988000,0.988000,158.931034,158.931034,1.036988,1,1
2026-05-09 22:57:15,61,,no_attack,2,0.985000,0.985000,738.206897,738.206897,1.041198,1,1
2026-05-09 22:57:15,61,,no_attack,3,1.035000,1.035000,849.758621,849.758621,1.034422,1,1
2026-05-09 22:57:15,61,,no_attack,4,0.991000,0.991000,728.620690,728.620690,1.030519,1,1
2026-05-09 22:57:15,61,,no_attack,5,1.004000,1.004000,609.862069,609.862069,1.032519,1,1
2026-05-09 22:57:19,62,,no_attack,1,0.972000,0.972000,329.103448,329.103448,1.039986,1,1
2026-05-09 22:57:19,62,,no_attack,2,0.993000,0.993000,175.793103,175.793103,1.038799,1,1
2026-05-09 22:57:19,62,,no_attack,3,0.983000,0.983000,681.758621,681.758621,1.031953,1,1
2026-05-09 22:57:19,62,,no_attack,4,0.990000,0.990000,281.103448,281.103448,1.028484,1,1
2026-05-09 22:57:19,62,,no_attack,5,0.996000,0.996000,250.724138,250.724138,1.030524,1,1
2026-05-09 22:57:23,63,,no_attack,1,1.012000,1.012000,171.000000,171.000000,1.039986,1,1
2026-05-09 22:57:23,63,,no_attack,2,0.989000,0.989000,589.275862,589.275862,1.038799,1,1
2026-05-09 22:57:23,63,,no_attack,3,0.952000,0.952000,674.724138,674.724138,1.031953,1,1
2026-05-09 22:57:23,63,,no_attack,4,0.963000,0.963000,523.758621,523.758621,1.028484,1,1
2026-05-09 22:57:23,63,,no_attack,5,0.955000,0.955000,462.517241,462.517241,1.030524,1,1
2026-05-09 22:57:27,64,,no_attack,1,1.012000,1.012000,171.000000,171.000000,1.041193,1,1
2026-05-09 22:57:27,64,,no_attack,2,0.989000,0.989000,589.275862,589.275862,1.041670,1,1
2026-05-09 22:57:27,64,,no_attack,3,0.952000,0.952000,674.724138,674.724138,1.034464,1,1
2026-05-09 22:57:27,64,,no_attack,4,0.963000,0.963000,523.758621,523.758621,1.032656,1,1
2026-05-09 22:57:27,64,,no_attack,5,0.955000,0.955000,462.517241,462.517241,1.034510,1,1
2026-05-09 22:57:31,65,,no_attack,1,0.971000,0.971000,413.793103,413.793103,1.042753,1,1
2026-05-09 22:57:31,65,,no_attack,2,1.026000,1.026000,430.482759,430.482759,1.040817,1,1
2026-05-09 22:57:31,65,,no_attack,3,1.025000,1.025000,767.758621,767.758621,1.034224,1,1
2026-05-09 22:57:31,65,,no_attack,4,0.975000,0.975000,220.482759,220.482759,1.032636,1,1
2026-05-09 22:57:31,65,,no_attack,5,0.951000,0.951000,592.482759,592.482759,1.034472,1,1
2026-05-09 22:57:35,66,,no_attack,1,1.049000,1.049000,399.517241,399.517241,1.042176,1,1
2026-05-09 22:57:35,66,,no_attack,2,1.014000,1.014000,737.379310,737.379310,1.041018,1,1
2026-05-09 22:57:35,66,,no_attack,3,1.014000,1.014000,716.965517,716.965517,1.034489,1,1
2026-05-09 22:57:35,66,,no_attack,4,1.044000,1.044000,291.482759,291.482759,1.034171,1,1
2026-05-09 22:57:35,66,,no_attack,5,0.952000,0.952000,282.310345,282.310345,1.035557,1,1
2026-05-09 22:57:39,67,,no_attack,1,0.962000,0.962000,688.931034,688.931034,1.041590,1,1
2026-05-09 22:57:39,67,,no_attack,2,1.006000,1.006000,316.758621,316.758621,1.039717,1,1
2026-05-09 22:57:39,67,,no_attack,3,1.018000,1.018000,723.103448,723.103448,1.034665,1,1
2026-05-09 22:57:39,67,,no_attack,4,0.966000,0.966000,636.896552,636.896552,1.035818,1,1
2026-05-09 22:57:39,67,,no_attack,5,1.024000,1.024000,234.103448,234.103448,1.037218,1,1
2026-05-09 22:57:43,68,,no_attack,1,1.031000,1.031000,860.931034,860.931034,1.039487,1,1
2026-05-09 22:57:43,68,,no_attack,2,0.960000,0.960000,179.137931,179.137931,1.040762,1,1
2026-05-09 22:57:43,68,,no_attack,3,0.981000,0.981000,682.034483,682.034483,1.034798,1,1
2026-05-09 22:57:43,68,,no_attack,4,1.045000,1.045000,435.172414,435.172414,1.035054,1,1
2026-05-09 22:57:43,68,,no_attack,5,1.020000,1.020000,206.068966,206.068966,1.036838,1,1
2026-05-09 22:57:47,69,,no_attack,1,1.031000,1.031000,860.931034,860.931034,1.036474,1,1
2026-05-09 22:57:47,69,,no_attack,2,0.960000,0.960000,179.137931,179.137931,1.042503,1,1
2026-05-09 22:57:47,69,,no_attack,3,0.981000,0.981000,682.034483,682.034483,1.035978,1,1
2026-05-09 22:57:47,69,,no_attack,4,1.045000,1.045000,435.172414,435.172414,1.036030,1,1
2026-05-09 22:57:47,69,,no_attack,5,1.020000,1.020000,206.068966,206.068966,1.037893,1,1
2026-05-09 22:57:51,70,,no_attack,1,1.018000,1.018000,619.172414,619.172414,1.034455,1,1
2026-05-09 22:57:51,70,,no_attack,2,0.960000,0.960000,772.517241,772.517241,1.043602,1,1
2026-05-09 22:57:51,70,,no_attack,3,1.035000,1.035000,589.862069,589.862069,1.036720,1,1
2026-05-09 22:57:51,70,,no_attack,4,0.962000,0.962000,938.551724,938.551724,1.036641,1,1
2026-05-09 22:57:51,70,,no_attack,5,1.028000,1.028000,405.896552,405.896552,1.038555,1,1
2026-05-09 22:57:55,71,,no_attack,1,0.992000,0.992000,438.344828,438.344828,1.034753,1,1
2026-05-09 22:57:55,71,,no_attack,2,1.000000,1.000000,412.586207,412.586207,1.040550,1,1
2026-05-09 22:57:55,71,,no_attack,3,1.034000,1.034000,753.448276,753.448276,1.034495,1,1
2026-05-09 22:57:55,71,,no_attack,4,0.960000,0.960000,921.758621,921.758621,1.032712,1,1
2026-05-09 22:57:55,71,,no_attack,5,1.012000,1.012000,774.172414,774.172414,1.035004,1,1
2026-05-09 22:57:59,72,,no_attack,1,1.020000,1.020000,474.862069,474.862069,1.036478,1,1
2026-05-09 22:57:59,72,,no_attack,2,1.022000,1.022000,868.655172,868.655172,1.039771,1,1
2026-05-09 22:57:59,72,,no_attack,3,0.977000,0.977000,787.103448,787.103448,1.032147,1,1
2026-05-09 22:57:59,72,,no_attack,4,1.002000,1.002000,519.310345,519.310345,1.028257,1,1
2026-05-09 22:57:59,72,,no_attack,5,0.993000,0.993000,714.758621,714.758621,1.030546,1,1
2026-05-09 22:58:03,73,,no_attack,1,0.976000,0.976000,821.241379,821.241379,1.037125,1,1
2026-05-09 22:58:03,73,,no_attack,2,1.033000,1.033000,211.655172,211.655172,1.037115,1,1
2026-05-09 22:58:03,73,,no_attack,3,1.038000,1.038000,326.103448,326.103448,1.030850,1,1
2026-05-09 22:58:03,73,,no_attack,4,0.996000,0.996000,620.275862,620.275862,1.028059,1,1
2026-05-09 22:58:03,73,,no_attack,5,0.987000,0.987000,176.551724,176.551724,1.029951,1,1
2026-05-09 22:58:07,74,,no_attack,1,0.976000,0.976000,821.241379,821.241379,1.035583,1,1
2026-05-09 22:58:07,74,,no_attack,2,1.033000,1.033000,211.655172,211.655172,1.040413,1,1
2026-05-09 22:58:07,74,,no_attack,3,1.038000,1.038000,326.103448,326.103448,1.034352,1,1
2026-05-09 22:58:07,74,,no_attack,4,0.996000,0.996000,620.275862,620.275862,1.031138,1,1
2026-05-09 22:58:07,74,,no_attack,5,0.987000,0.987000,176.551724,176.551724,1.033291,1,1
2026-05-09 22:58:11,75,,no_attack,1,1.035000,1.035000,281.344828,281.344828,1.034537,1,1
2026-05-09 22:58:11,75,,no_attack,2,0.971000,0.971000,783.655172,783.655172,1.042436,1,1
2026-05-09 22:58:11,75,,no_attack,3,0.984000,0.984000,837.379310,837.379310,1.036419,1,1
2026-05-09 22:58:11,75,,no_attack,4,1.020000,1.020000,356.103448,356.103448,1.032884,1,1
2026-05-09 22:58:11,75,,no_attack,5,0.951000,0.951000,920.793103,920.793103,1.035214,1,1
2026-05-09 22:58:15,76,,no_attack,1,0.958000,0.958000,732.137931,732.137931,1.037465,1,1
2026-05-09 22:58:15,76,,no_attack,2,0.998000,0.998000,731.689655,731.689655,1.039759,1,1
2026-05-09 22:58:15,76,,no_attack,3,1.018000,1.018000,633.137931,633.137931,1.034019,1,1
2026-05-09 22:58:15,76,,no_attack,4,0.999000,0.999000,758.068966,758.068966,1.031687,1,1
2026-05-09 22:58:15,76,,no_attack,5,0.959000,0.959000,335.206897,335.206897,1.033317,1,1
2026-05-09 22:58:19,77,,no_attack,1,1.018000,1.018000,378.827586,378.827586,1.036211,1,1
2026-05-09 22:58:19,77,,no_attack,2,1.008000,1.008000,509.379310,509.379310,1.038233,1,1
2026-05-09 22:58:19,77,,no_attack,3,1.002000,1.002000,475.620690,475.620690,1.033144,1,1
2026-05-09 22:58:19,77,,no_attack,4,1.024000,1.024000,395.137931,395.137931,1.030776,1,1
2026-05-09 22:58:19,77,,no_attack,5,1.020000,1.020000,352.034483,352.034483,1.032789,1,1
2026-05-09 22:58:23,78,,no_attack,1,0.975000,0.975000,250.793103,250.793103,1.038082,1,1
2026-05-09 22:58:23,78,,no_attack,2,0.969000,0.969000,251.448276,251.448276,1.039499,1,1
2026-05-09 22:58:23,78,,no_attack,3,1.002000,1.002000,731.310345,731.310345,1.034796,1,1
2026-05-09 22:58:23,78,,no_attack,4,0.968000,0.968000,327.931034,327.931034,1.033029,1,1
2026-05-09 22:58:23,78,,no_attack,5,0.998000,0.998000,706.344828,706.344828,1.034903,1,1
2026-05-09 22:58:27,79,,no_attack,1,0.975000,0.975000,250.793103,250.793103,1.040359,1,1
2026-05-09 22:58:27,79,,no_attack,2,0.969000,0.969000,251.448276,251.448276,1.041142,1,1
2026-05-09 22:58:27,79,,no_attack,3,1.002000,1.002000,731.310345,731.310345,1.034811,1,1
2026-05-09 22:58:27,79,,no_attack,4,0.967000,0.967000,168.724138,168.724138,1.033131,1,1
2026-05-09 22:58:27,79,,no_attack,5,1.002000,1.002000,360.551724,360.551724,1.034581,1,1
2026-05-09 22:58:31,80,,no_attack,1,1.047000,1.047000,527.586207,527.586207,1.041944,1,1
2026-05-09 22:58:31,80,,no_attack,2,0.978000,0.978000,234.310345,234.310345,1.042658,1,1
2026-05-09 22:58:31,80,,no_attack,3,0.969000,0.969000,336.344828,336.344828,1.035816,1,1
2026-05-09 22:58:31,80,,no_attack,4,0.967000,0.967000,168.724138,168.724138,1.035561,1,1
2026-05-09 22:58:31,80,,no_attack,5,1.002000,1.002000,360.551724,360.551724,1.036830,1,1
2026-05-09 22:58:35,81,,no_attack,1,1.047000,1.047000,548.620690,548.620690,1.040718,1,1
2026-05-09 22:58:35,81,,no_attack,2,1.018000,1.018000,244.034483,244.034483,1.044260,1,1
2026-05-09 22:58:35,81,,no_attack,3,1.036000,1.036000,508.241379,508.241379,1.037942,1,1
2026-05-09 22:58:35,81,,no_attack,4,1.037000,1.037000,569.206897,569.206897,1.037612,1,1
2026-05-09 22:58:35,81,,no_attack,5,0.996000,0.996000,490.000000,490.000000,1.038761,1,1
2026-05-09 22:58:39,82,,no_attack,1,0.968000,0.968000,197.965517,197.965517,1.039562,1,1
2026-05-09 22:58:39,82,,no_attack,2,1.044000,1.044000,495.103448,495.103448,1.044266,1,1
2026-05-09 22:58:39,82,,no_attack,3,1.032000,1.032000,443.896552,443.896552,1.037356,1,1
2026-05-09 22:58:39,82,,no_attack,4,0.957000,0.957000,660.793103,660.793103,1.035578,1,1
2026-05-09 22:58:39,82,,no_attack,5,0.955000,0.955000,278.793103,278.793103,1.037002,1,1
2026-05-09 22:58:43,83,,no_attack,1,1.006000,1.006000,381.896552,381.896552,1.041638,1,1
2026-05-09 22:58:43,83,,no_attack,2,1.049000,1.049000,231.448276,231.448276,1.043154,1,1
2026-05-09 22:58:43,83,,no_attack,3,1.026000,1.026000,599.172414,599.172414,1.036825,1,1
2026-05-09 22:58:43,83,,no_attack,4,1.029000,1.029000,315.517241,315.517241,1.034530,1,1
2026-05-09 22:58:43,83,,no_attack,5,1.002000,1.002000,495.068966,495.068966,1.036379,1,1
2026-05-09 22:58:47,84,,no_attack,1,0.994000,0.994000,813.310345,813.310345,1.041659,1,1
2026-05-09 22:58:47,84,,no_attack,2,1.049000,1.049000,367.482759,367.482759,1.043773,1,1
2026-05-09 22:58:47,84,,no_attack,3,1.012000,1.012000,610.172414,610.172414,1.036858,1,1
2026-05-09 22:58:47,84,,no_attack,4,1.024000,1.024000,854.827586,854.827586,1.034987,1,1
2026-05-09 22:58:47,84,,no_attack,5,0.970000,0.970000,322.931034,322.931034,1.036585,1,1
2026-05-09 22:58:51,85,,no_attack,1,0.994000,0.994000,813.310345,813.310345,1.038298,1,1
2026-05-09 22:58:51,85,,no_attack,2,1.049000,1.049000,367.482759,367.482759,1.042809,1,1
2026-05-09 22:58:51,85,,no_attack,3,1.012000,1.012000,610.172414,610.172414,1.035806,1,1
2026-05-09 22:58:51,85,,no_attack,4,1.024000,1.024000,854.827586,854.827586,1.032745,1,1
2026-05-09 22:58:51,85,,no_attack,5,0.970000,0.970000,322.931034,322.931034,1.034876,1,1
2026-05-09 22:58:55,86,,no_attack,1,1.016000,1.016000,268.034483,268.034483,1.036046,1,1
2026-05-09 22:58:55,86,,no_attack,2,0.967000,0.967000,216.862069,216.862069,1.042078,1,1
2026-05-09 22:58:55,86,,no_attack,3,0.950000,0.950000,522.137931,522.137931,1.034942,1,1
2026-05-09 22:58:55,86,,no_attack,4,1.008000,1.008000,371.206897,371.206897,1.031045,1,1
2026-05-09 22:58:55,86,,no_attack,5,0.973000,0.973000,710.862069,710.862069,1.033531,1,1
2026-05-09 22:58:59,87,,no_attack,1,1.020000,1.020000,488.931034,488.931034,1.038876,1,1
2026-05-09 22:58:59,87,,no_attack,2,1.018000,1.018000,841.517241,841.517241,1.043291,1,1
2026-05-09 22:58:59,87,,no_attack,3,1.028000,1.028000,611.724138,611.724138,1.035632,1,1
2026-05-09 22:58:59,87,,no_attack,4,1.016000,1.016000,851.000000,851.000000,1.031746,1,1
2026-05-09 22:58:59,87,,no_attack,5,0.992000,0.992000,572.206897,572.206897,1.033678,1,1
2026-05-09 22:59:03,88,,no_attack,1,1.014000,1.014000,833.137931,833.137931,1.038559,1,1
2026-05-09 22:59:03,88,,no_attack,2,1.032000,1.032000,200.448276,200.448276,1.039641,1,1
2026-05-09 22:59:03,88,,no_attack,3,0.966000,0.966000,400.551724,400.551724,1.033268,1,1
2026-05-09 22:59:03,88,,no_attack,4,1.024000,1.024000,572.448276,572.448276,1.028992,1,1
2026-05-09 22:59:03,88,,no_attack,5,0.978000,0.978000,252.724138,252.724138,1.031148,1,1
2026-05-09 22:59:07,89,,no_attack,1,1.018000,1.018000,673.586207,673.586207,1.036158,1,1
2026-05-09 22:59:07,89,,no_attack,2,1.044000,1.044000,511.620690,511.620690,1.041885,1,1
2026-05-09 22:59:07,89,,no_attack,3,0.999000,0.999000,214.034483,214.034483,1.035523,1,1
2026-05-09 22:59:07,89,,no_attack,4,0.953000,0.953000,505.344828,505.344828,1.031383,1,1
2026-05-09 22:59:07,89,,no_attack,5,0.982000,0.982000,349.724138,349.724138,1.033620,1,1
2026-05-09 22:59:11,90,,no_attack,1,1.018000,1.018000,673.586207,673.586207,1.035712,1,1
2026-05-09 22:59:11,90,,no_attack,2,1.044000,1.044000,511.620690,511.620690,1.041919,1,1
2026-05-09 22:59:11,90,,no_attack,3,0.999000,0.999000,214.034483,214.034483,1.037016,1,1
2026-05-09 22:59:11,90,,no_attack,4,0.953000,0.953000,505.344828,505.344828,1.033248,1,1
2026-05-09 22:59:11,90,,no_attack,5,0.982000,0.982000,349.724138,349.724138,1.035347,1,1
2026-05-09 22:59:15,91,,no_attack,1,0.959000,0.959000,924.034483,924.034483,1.035418,1,1
2026-05-09 22:59:15,91,,no_attack,2,1.033000,1.033000,572.068966,572.068966,1.041925,1,1
2026-05-09 22:59:15,91,,no_attack,3,1.045000,1.045000,875.517241,875.517241,1.037958,1,1
2026-05-09 22:59:15,91,,no_attack,4,1.016000,1.016000,352.034483,352.034483,1.034426,1,1
2026-05-09 22:59:15,91,,no_attack,5,0.954000,0.954000,764.551724,764.551724,1.036438,1,1
2026-05-09 22:59:19,92,,no_attack,1,0.997000,0.997000,651.413793,651.413793,1.035418,1,1
2026-05-09 22:59:19,92,,no_attack,2,1.041000,1.041000,279.344828,279.344828,1.041925,1,1
2026-05-09 22:59:19,92,,no_attack,3,1.008000,1.008000,631.344828,631.344828,1.037958,1,1
2026-05-09 22:59:19,92,,no_attack,4,0.999000,0.999000,222.310345,222.310345,1.034426,1,1
2026-05-09 22:59:19,92,,no_attack,5,0.984000,0.984000,413.068966,413.068966,1.036438,1,1
2026-05-09 22:59:23,93,,no_attack,1,1.016000,1.016000,793.310345,793.310345,1.033453,1,1
2026-05-09 22:59:23,93,,no_attack,2,0.982000,0.982000,693.448276,693.448276,1.040065,1,1
2026-05-09 22:59:23,93,,no_attack,3,0.978000,0.978000,892.413793,892.413793,1.035447,1,1
2026-05-09 22:59:23,93,,no_attack,4,1.031000,1.031000,554.724138,554.724138,1.033556,1,1
2026-05-09 22:59:23,93,,no_attack,5,0.995000,0.995000,394.241379,394.241379,1.035023,1,1
2026-05-09 22:59:27,94,,no_attack,1,0.982000,0.982000,908.620690,908.620690,1.032786,1,1
2026-05-09 22:59:27,94,,no_attack,2,0.990000,0.990000,550.310345,550.310345,1.038399,1,1
2026-05-09 22:59:27,94,,no_attack,3,1.048000,1.048000,623.724138,623.724138,1.033653,1,1
2026-05-09 22:59:27,94,,no_attack,4,1.004000,1.004000,465.758621,465.758621,1.032681,1,1
2026-05-09 22:59:27,94,,no_attack,5,0.968000,0.968000,442.310345,442.310345,1.034305,1,1
2026-05-09 22:59:31,95,,no_attack,1,0.982000,0.982000,908.620690,908.620690,1.031771,1,1
2026-05-09 22:59:31,95,,no_attack,2,0.990000,0.990000,550.310345,550.310345,1.038586,1,1
2026-05-09 22:59:31,95,,no_attack,3,1.048000,1.048000,623.724138,623.724138,1.033936,1,1
2026-05-09 22:59:31,95,,no_attack,4,1.004000,1.004000,465.758621,465.758621,1.033207,1,1
2026-05-09 22:59:31,95,,no_attack,5,0.968000,0.968000,442.310345,442.310345,1.034789,1,1
2026-05-09 22:59:35,96,,no_attack,1,1.025000,1.025000,613.827586,613.827586,1.031106,1,1
2026-05-09 22:59:35,96,,no_attack,2,1.025000,1.025000,300.000000,300.000000,1.038705,1,1
2026-05-09 22:59:35,96,,no_attack,3,1.004000,1.004000,855.931034,855.931034,1.034117,1,1
2026-05-09 22:59:35,96,,no_attack,4,0.993000,0.993000,689.413793,689.413793,1.033546,1,1
2026-05-09 22:59:35,96,,no_attack,5,0.962000,0.962000,930.034483,930.034483,1.035101,1,1
2026-05-09 22:59:40,97,,no_attack,1,1.010000,1.010000,331.448276,331.448276,1.032663,1,1
2026-05-09 22:59:40,97,,no_attack,2,0.965000,0.965000,592.965517,592.965517,1.039096,1,1
2026-05-09 22:59:40,97,,no_attack,3,1.004000,1.004000,222.482759,222.482759,1.032177,1,1
2026-05-09 22:59:40,97,,no_attack,4,1.049000,1.049000,809.068966,809.068966,1.029708,1,1
2026-05-09 22:59:40,97,,no_attack,5,0.996000,0.996000,243.068966,243.068966,1.031191,1,1
2026-05-09 22:59:44,98,,no_attack,1,1.033000,1.033000,515.551724,515.551724,1.036127,1,1
2026-05-09 22:59:44,98,,no_attack,2,1.020000,1.020000,529.241379,529.241379,1.039728,1,1
2026-05-09 22:59:44,98,,no_attack,3,0.977000,0.977000,807.551724,807.551724,1.033979,1,1
2026-05-09 22:59:44,98,,no_attack,4,1.048000,1.048000,322.931034,322.931034,1.030027,1,1
2026-05-09 22:59:44,98,,no_attack,5,1.004000,1.004000,442.862069,442.862069,1.032163,1,1
2026-05-09 22:59:48,99,,no_attack,1,1.042000,1.042000,518.310345,518.310345,1.036834,1,1
2026-05-09 22:59:48,99,,no_attack,2,1.020000,1.020000,529.241379,529.241379,1.039672,1,1
2026-05-09 22:59:48,99,,no_attack,3,0.977000,0.977000,807.551724,807.551724,1.034082,1,1
2026-05-09 22:59:48,99,,no_attack,4,1.048000,1.048000,322.931034,322.931034,1.032196,1,1
2026-05-09 22:59:48,99,,no_attack,5,1.004000,1.004000,442.862069,442.862069,1.033983,1,1
2026-05-09 22:59:52,100,,no_attack,1,1.042000,1.042000,518.310345,518.310345,1.037231,1,1
2026-05-09 22:59:52,100,,no_attack,2,1.037000,1.037000,781.931034,781.931034,1.039620,1,1
2026-05-09 22:59:52,100,,no_attack,3,0.977000,0.977000,772.413793,772.413793,1.034129,1,1
2026-05-09 22:59:52,100,,no_attack,4,0.991000,0.991000,872.586207,872.586207,1.033577,1,1
2026-05-09 22:59:52,100,,no_attack,5,1.000000,1.000000,777.827586,777.827586,1.035139,1,1
2026-05-09 22:59:56,101,,no_attack,1,0.978000,0.978000,388.724138,388.724138,1.037074,1,1
2026-05-09 22:59:56,101,,no_attack,2,1.008000,1.008000,906.586207,906.586207,1.036829,1,1
2026-05-09 22:59:56,101,,no_attack,3,0.998000,0.998000,266.137931,266.137931,1.031075,1,1
2026-05-09 22:59:56,101,,no_attack,4,1.002000,1.002000,414.206897,414.206897,1.028663,1,1
2026-05-09 22:59:56,101,,no_attack,5,1.004000,1.004000,564.137931,564.137931,1.030429,1,1
2026-05-09 23:00:00,102,,no_attack,1,0.978000,0.978000,388.724138,388.724138,1.038449,1,1
2026-05-09 23:00:00,102,,no_attack,2,1.008000,1.008000,906.586207,906.586207,1.036409,1,1
2026-05-09 23:00:00,102,,no_attack,3,0.998000,0.998000,266.137931,266.137931,1.032892,1,1
2026-05-09 23:00:00,102,,no_attack,4,1.002000,1.002000,414.206897,414.206897,1.030750,1,1
2026-05-09 23:00:00,102,,no_attack,5,1.004000,1.004000,564.137931,564.137931,1.032299,1,1
2026-05-09 23:00:04,103,,no_attack,1,0.995000,0.995000,399.758621,399.758621,1.039325,1,1
2026-05-09 23:00:04,103,,no_attack,2,0.968000,0.968000,706.586207,706.586207,1.036097,1,1
2026-05-09 23:00:04,103,,no_attack,3,1.006000,1.006000,328.344828,328.344828,1.034012,1,1
2026-05-09 23:00:04,103,,no_attack,4,1.027000,1.027000,180.862069,180.862069,1.032034,1,1
2026-05-09 23:00:04,103,,no_attack,5,1.024000,1.024000,673.965517,673.965517,1.033445,1,1
2026-05-09 23:00:08,104,,no_attack,1,1.031000,1.031000,433.517241,433.517241,1.039907,1,1
2026-05-09 23:00:08,104,,no_attack,2,1.016000,1.016000,766.034483,766.034483,1.037333,1,1
2026-05-09 23:00:08,104,,no_attack,3,1.048000,1.048000,506.034483,506.034483,1.035446,1,1
2026-05-09 23:00:08,104,,no_attack,4,0.953000,0.953000,561.689655,561.689655,1.034018,1,1
2026-05-09 23:00:08,104,,no_attack,5,1.008000,1.008000,808.620690,808.620690,1.034997,1,1
2026-05-09 23:00:12,105,,no_attack,1,1.037000,1.037000,470.793103,470.793103,1.039684,1,1
2026-05-09 23:00:12,105,,no_attack,2,1.002000,1.002000,499.758621,499.758621,1.036521,1,1
2026-05-09 23:00:12,105,,no_attack,3,1.022000,1.022000,455.137931,455.137931,1.034000,1,1
2026-05-09 23:00:12,105,,no_attack,4,1.014000,1.014000,266.137931,266.137931,1.031801,1,1
2026-05-09 23:00:12,105,,no_attack,5,0.996000,0.996000,894.551724,894.551724,1.032787,1,1
2026-05-09 23:00:16,106,,no_attack,1,0.983000,0.983000,692.103448,692.103448,1.039444,1,1
2026-05-09 23:00:16,106,,no_attack,2,1.014000,1.014000,790.413793,790.413793,1.038049,1,1
2026-05-09 23:00:16,106,,no_attack,3,1.035000,1.035000,780.517241,780.517241,1.034625,1,1
2026-05-09 23:00:16,106,,no_attack,4,0.988000,0.988000,398.862069,398.862069,1.032265,1,1
2026-05-09 23:00:16,106,,no_attack,5,1.020000,1.020000,716.137931,716.137931,1.032908,1,1
2026-05-09 23:00:20,107,,no_attack,1,0.983000,0.983000,692.103448,692.103448,1.037614,1,1
2026-05-09 23:00:20,107,,no_attack,2,1.014000,1.014000,790.413793,790.413793,1.036484,1,1
2026-05-09 23:00:20,107,,no_attack,3,1.035000,1.035000,780.517241,780.517241,1.032898,1,1
2026-05-09 23:00:20,107,,no_attack,4,0.988000,0.988000,398.862069,398.862069,1.031620,1,1
2026-05-09 23:00:20,107,,no_attack,5,1.020000,1.020000,716.137931,716.137931,1.032261,1,1
2026-05-09 23:00:24,108,,no_attack,1,1.037000,1.037000,173.448276,173.448276,1.036401,1,1
2026-05-09 23:00:24,108,,no_attack,2,0.956000,0.956000,662.551724,662.551724,1.035401,1,1
2026-05-09 23:00:24,108,,no_attack,3,1.042000,1.042000,876.448276,876.448276,1.031653,1,1
2026-05-09 23:00:24,108,,no_attack,4,1.024000,1.024000,471.931034,471.931034,1.031054,1,1
2026-05-09 23:00:24,108,,no_attack,5,0.959000,0.959000,662.551724,662.551724,1.031697,1,1
2026-05-09 23:00:28,109,,no_attack,1,1.037000,1.037000,473.344828,473.344828,1.039535,1,1
2026-05-09 23:00:28,109,,no_attack,2,1.018000,1.018000,825.620690,825.620690,1.035853,1,1
2026-05-09 23:00:28,109,,no_attack,3,0.954000,0.954000,795.965517,795.965517,1.030977,1,1
2026-05-09 23:00:28,109,,no_attack,4,0.979000,0.979000,447.724138,447.724138,1.030587,1,1
2026-05-09 23:00:28,109,,no_attack,5,0.964000,0.964000,578.206897,578.206897,1.031455,1,1
2026-05-09 23:00:32,110,,no_attack,1,1.006000,1.006000,752.103448,752.103448,1.039140,1,1
2026-05-09 23:00:32,110,,no_attack,2,0.966000,0.966000,220.034483,220.034483,1.035131,1,1
2026-05-09 23:00:32,110,,no_attack,3,1.037000,1.037000,602.896552,602.896552,1.030862,1,1
2026-05-09 23:00:32,110,,no_attack,4,0.974000,0.974000,871.413793,871.413793,1.031001,1,1
2026-05-09 23:00:32,110,,no_attack,5,0.964000,0.964000,522.965517,522.965517,1.031987,1,1
2026-05-09 23:00:36,111,,no_attack,1,0.975000,0.975000,356.068966,356.068966,1.037070,1,1
2026-05-09 23:00:36,111,,no_attack,2,0.950000,0.950000,805.827586,805.827586,1.037949,1,1
2026-05-09 23:00:36,111,,no_attack,3,1.040000,1.040000,643.586207,643.586207,1.031705,1,1
2026-05-09 23:00:36,111,,no_attack,4,0.965000,0.965000,506.827586,506.827586,1.029236,1,1
2026-05-09 23:00:36,111,,no_attack,5,0.984000,0.984000,610.137931,610.137931,1.030823,1,1
2026-05-09 23:00:40,112,,no_attack,1,0.975000,0.975000,356.068966,356.068966,1.038675,1,1
2026-05-09 23:00:40,112,,no_attack,2,0.950000,0.950000,805.827586,805.827586,1.037106,1,1
2026-05-09 23:00:40,112,,no_attack,3,1.040000,1.040000,643.586207,643.586207,1.031689,1,1
2026-05-09 23:00:40,112,,no_attack,4,0.965000,0.965000,506.827586,506.827586,1.029797,1,1
2026-05-09 23:00:40,112,,no_attack,5,0.984000,0.984000,610.137931,610.137931,1.031295,1,1
2026-05-09 23:00:44,113,,no_attack,1,1.012000,1.012000,469.655172,469.655172,1.039701,1,1
2026-05-09 23:00:44,113,,no_attack,2,0.975000,0.975000,817.758621,817.758621,1.036546,1,1
2026-05-09 23:00:44,113,,no_attack,3,0.969000,0.969000,459.793103,459.793103,1.031668,1,1
2026-05-09 23:00:44,113,,no_attack,4,0.998000,0.998000,334.034483,334.034483,1.030152,1,1
2026-05-09 23:00:44,113,,no_attack,5,1.006000,1.006000,586.758621,586.758621,1.031591,1,1
2026-05-09 23:00:48,114,,no_attack,1,1.049000,1.049000,360.000000,360.000000,1.039472,1,1
2026-05-09 23:00:48,114,,no_attack,2,1.047000,1.047000,624.758621,624.758621,1.036605,1,1
2026-05-09 23:00:48,114,,no_attack,3,0.977000,0.977000,597.689655,597.689655,1.033009,1,1
2026-05-09 23:00:48,114,,no_attack,4,1.018000,1.018000,707.413793,707.413793,1.031981,1,1
2026-05-09 23:00:48,114,,no_attack,5,0.954000,0.954000,644.137931,644.137931,1.033202,1,1
2026-05-09 23:00:52,115,,no_attack,1,0.999000,0.999000,842.482759,842.482759,1.039974,1,1
2026-05-09 23:00:52,115,,no_attack,2,0.978000,0.978000,778.551724,778.551724,1.036648,1,1
2026-05-09 23:00:52,115,,no_attack,3,1.010000,1.010000,416.827586,416.827586,1.032347,1,1
2026-05-09 23:00:52,115,,no_attack,4,1.012000,1.012000,617.689655,617.689655,1.029974,1,1
2026-05-09 23:00:52,115,,no_attack,5,1.016000,1.016000,690.172414,690.172414,1.031495,1,1
2026-05-09 23:00:56,116,,no_attack,1,1.014000,1.014000,779.586207,779.586207,1.036727,1,1
2026-05-09 23:00:56,116,,no_attack,2,1.012000,1.012000,830.965517,830.965517,1.036084,1,1
2026-05-09 23:00:56,116,,no_attack,3,1.014000,1.014000,382.586207,382.586207,1.032297,1,1
2026-05-09 23:00:56,116,,no_attack,4,0.994000,0.994000,598.172414,598.172414,1.029105,1,1
2026-05-09 23:00:56,116,,no_attack,5,1.022000,1.022000,216.275862,216.275862,1.030605,1,1
2026-05-09 23:01:00,117,,no_attack,1,0.979000,0.979000,737.827586,737.827586,1.035095,1,1
2026-05-09 23:01:00,117,,no_attack,2,0.967000,0.967000,261.827586,261.827586,1.035935,1,1
2026-05-09 23:01:00,117,,no_attack,3,1.002000,1.002000,890.068966,890.068966,1.033492,1,1
2026-05-09 23:01:00,117,,no_attack,4,1.002000,1.002000,846.724138,846.724138,1.031122,1,1
2026-05-09 23:01:00,117,,no_attack,5,1.033000,1.033000,337.413793,337.413793,1.032927,1,1
2026-05-09 23:01:04,118,,no_attack,1,0.979000,0.979000,737.827586,737.827586,1.034650,1,1
2026-05-09 23:01:04,118,,no_attack,2,0.967000,0.967000,261.827586,261.827586,1.037915,1,1
2026-05-09 23:01:04,118,,no_attack,3,1.002000,1.002000,890.068966,890.068966,1.032600,1,1
2026-05-09 23:01:04,118,,no_attack,4,1.002000,1.002000,846.724138,846.724138,1.029545,1,1
2026-05-09 23:01:04,118,,no_attack,5,1.033000,1.033000,337.413793,337.413793,1.031776,1,1
2026-05-09 23:01:08,119,,no_attack,1,1.032000,1.032000,503.724138,503.724138,1.034345,1,1
2026-05-09 23:01:08,119,,no_attack,2,1.030000,1.030000,700.517241,700.517241,1.039149,1,1
2026-05-09 23:01:08,119,,no_attack,3,0.983000,0.983000,244.344828,244.344828,1.031968,1,1
2026-05-09 23:01:08,119,,no_attack,4,1.046000,1.046000,248.413793,248.413793,1.028485,1,1
2026-05-09 23:01:08,119,,no_attack,5,1.046000,1.046000,772.586207,772.586207,1.030995,1,1
