cycle_id,ts_received,ts_sent,bus,V_sent,I_sent,power_factor,breaker_actual
13,1780259694.194203,1780259694.195017,1,1.014078,722.582813,0.956500,1
13,1780259694.201608,1780259694.202163,2,1.013527,324.516512,0.902600,1
13,1780259694.209503,1780259694.210240,3,1.008448,401.229292,0.904100,1
13,1780259694.216037,1780259694.216591,4,1.006066,456.781826,0.915000,1
13,1780259694.222457,1780259694.223015,5,1.009656,459.208125,0.987700,1
14,1780259695.195340,1780259695.195963,1,1.020975,902.374746,0.980000,1
14,1780259695.201917,1780259695.202367,2,1.010361,430.351824,0.925200,1
14,1780259695.210288,1780259695.211332,3,1.006015,452.311229,0.915600,1
14,1780259695.218917,1780259695.219566,4,1.013125,518.406865,0.802000,1
14,1780259695.227139,1780259695.227830,5,1.004359,508.219683,0.968400,1
15,1780259696.204302,1780259696.205083,1,1.024396,778.999428,0.969300,1
15,1780259696.211562,1780259696.212309,2,1.006860,327.031211,0.919700,1
15,1780259696.219047,1780259696.219607,3,1.008553,442.053001,0.903600,1
15,1780259696.225332,1780259696.225955,4,1.014214,468.692929,0.884100,1
15,1780259696.232279,1780259696.232822,5,1.010782,478.164184,0.985900,1
16,1780259697.206108,1780259697.206960,1,1.017639,841.080615,0.975100,1
16,1780259697.214603,1780259697.215461,2,1.013386,352.288504,0.917500,1
16,1780259697.223296,1780259697.223912,3,1.009036,505.813535,0.925900,1
16,1780259697.233037,1780259697.233518,4,1.010457,515.729587,0.807500,1
16,1780259697.244607,1780259697.245071,5,1.006471,470.882821,0.951900,1
17,1780259698.216079,1780259698.216658,1,1.021718,761.301259,0.972400,1
17,1780259698.224611,1780259698.225073,2,1.013292,292.048817,0.950200,1
17,1780259698.231166,1780259698.231725,3,1.015032,475.220747,0.918000,1
17,1780259698.236878,1780259698.237544,4,1.008717,476.841173,0.870800,1
17,1780259698.243280,1780259698.243827,5,1.006961,463.752344,0.965300,1
18,1780259699.224088,1780259699.224716,1,1.018990,918.845406,0.984600,1
18,1780259699.231144,1780259699.231685,2,1.015512,436.686314,0.942300,1
18,1780259699.238931,1780259699.239594,3,1.004628,484.865846,0.957500,1
18,1780259699.245952,1780259699.246596,4,1.011195,479.091193,0.868400,1
18,1780259699.252728,1780259699.253260,5,1.005707,454.049386,0.978800,1
19,1780259700.233860,1780259700.234404,1,1.020846,771.316923,0.971200,1
19,1780259700.241274,1780259700.241810,2,1.018290,388.532699,0.943000,1
19,1780259700.247449,1780259700.248205,3,1.007337,377.050827,0.937700,1
19,1780259700.255250,1780259700.255803,4,1.009323,463.939221,0.895900,1
19,1780259700.263366,1780259700.263980,5,0.998816,463.202985,0.967400,1
20,1780259701.242736,1780259701.243328,1,1.023026,842.547157,0.983100,1
20,1780259701.249502,1780259701.250649,2,1.010800,339.796925,0.976300,1
20,1780259701.256973,1780259701.257538,3,1.011569,499.069911,0.903700,1
20,1780259701.266831,1780259701.267400,4,1.004896,505.969936,0.820800,1
20,1780259701.275130,1780259701.275753,5,1.005977,491.168268,0.957100,1
21,1780259702.248268,1780259702.248938,1,1.023275,827.009089,0.983000,1
21,1780259702.255464,1780259702.256081,2,1.014266,412.195352,0.969600,1
21,1780259702.262106,1780259702.263005,3,1.011049,380.295126,0.937500,1
21,1780259702.269961,1780259702.270929,4,1.010528,482.891982,0.864100,1
21,1780259702.277112,1780259702.277731,5,1.006552,496.986655,0.956100,1
22,1780259703.244797,1780259703.245589,1,1.022391,855.912066,0.978000,1
22,1780259703.252757,1780259703.253321,2,1.009735,403.766551,0.943200,1
22,1780259703.259733,1780259703.260320,3,1.011145,467.225944,0.927700,1
22,1780259703.266034,1780259703.266665,4,1.018236,493.413075,0.839700,1
22,1780259703.273684,1780259703.274352,5,1.009744,459.668095,0.963000,1
23,1780259704.250362,1780259704.250911,1,1.020397,766.724175,0.982700,1
23,1780259704.256188,1780259704.256714,2,1.011667,270.357968,0.974300,1
23,1780259704.262363,1780259704.262980,3,1.004418,468.035733,0.954800,1
23,1780259704.268619,1780259704.269147,4,1.011845,468.455262,0.884700,1
23,1780259704.275434,1780259704.275995,5,1.003920,479.961458,0.952300,1
24,1780259705.275340,1780259705.275893,1,1.023799,769.419837,0.976000,1
24,1780259705.282040,1780259705.282621,2,1.015419,404.760060,0.975800,1
24,1780259705.289780,1780259705.290698,3,1.009003,350.522873,0.923700,1
24,1780259705.297680,1780259705.298432,4,1.012298,447.250801,0.934500,1
24,1780259705.304948,1780259705.305597,5,1.004329,457.707164,0.980400,1
25,1780259706.287877,1780259706.289310,1,1.022964,827.699915,0.970700,1
25,1780259706.295434,1780259706.295960,2,1.004084,418.709948,0.910300,1
25,1780259706.300896,1780259706.301405,3,1.008711,414.862424,0.929500,1
25,1780259706.307629,1780259706.308084,4,1.011199,471.714947,0.882500,1
25,1780259706.313723,1780259706.314408,5,1.011494,462.103122,0.984900,1
26,1780259707.307109,1780259707.307792,1,1.023409,781.664374,0.971000,1
26,1780259707.313632,1780259707.314342,2,1.015357,354.829063,0.916900,1
26,1780259707.322454,1780259707.322850,3,1.006768,420.561192,0.945700,1
26,1780259707.328966,1780259707.329410,4,1.010346,476.419618,0.873000,1
26,1780259707.335371,1780259707.335766,5,1.011273,470.804845,0.962500,1
27,1780259708.286247,1780259708.286799,1,1.013110,844.385880,0.977800,1
27,1780259708.298619,1780259708.299311,2,1.004438,437.028175,0.952000,1
27,1780259708.305648,1780259708.306338,3,1.009951,409.816523,0.926600,1
27,1780259708.313021,1780259708.313457,4,1.009971,490.682269,0.849400,1
27,1780259708.319984,1780259708.320653,5,1.007237,470.556449,0.959000,1
28,1780259709.307756,1780259709.308345,1,1.019816,717.227169,0.961800,1
28,1780259709.314789,1780259709.315539,2,1.015474,332.114839,0.947100,1
28,1780259709.327750,1780259709.328536,3,1.006985,388.053190,0.899800,1
28,1780259709.334620,1780259709.335242,4,1.004372,455.741643,0.909000,1
28,1780259709.342248,1780259709.342824,5,1.001112,459.536812,0.975200,1
29,1780259710.317640,1780259710.318380,1,1.016304,797.280854,0.976600,1
29,1780259710.323776,1780259710.324324,2,1.010423,303.657104,0.972400,1
29,1780259710.329916,1780259710.330644,3,1.006225,504.083828,0.886400,1
29,1780259710.336034,1780259710.336804,4,1.015374,483.266403,0.860400,1
29,1780259710.353284,1780259710.354057,5,1.008593,467.667446,0.976800,1
30,1780259711.312151,1780259711.312723,1,1.019406,818.477130,0.975800,1
30,1780259711.319366,1780259711.319986,2,1.008334,323.510392,0.910600,1
30,1780259711.326225,1780259711.326825,3,1.004061,491.169898,0.931400,1
30,1780259711.332486,1780259711.333105,4,1.013022,480.822438,0.866800,1
30,1780259711.339005,1780259711.339598,5,1.007023,477.607854,0.981400,1
31,1780259712.298159,1780259712.298736,1,1.020498,784.631627,0.965600,1
31,1780259712.304155,1780259712.304698,2,1.005308,420.374905,0.915200,1
31,1780259712.310164,1780259712.310702,3,1.011768,355.351682,0.918800,1
31,1780259712.316114,1780259712.316661,4,1.007293,477.710226,0.868200,1
31,1780259712.322182,1780259712.322720,5,1.002405,479.957421,0.968700,1
32,1780259713.351423,1780259713.351954,1,1.016461,902.779552,0.981000,1
32,1780259713.357806,1780259713.358701,2,1.002920,392.125005,0.953900,1
32,1780259713.364495,1780259713.365137,3,1.006075,521.586778,0.888900,1
32,1780259713.381329,1780259713.382066,4,1.012174,529.853404,0.784000,1
32,1780259713.389072,1780259713.389637,5,1.000310,480.287405,0.963600,1
33,1780259714.351715,1780259714.352575,1,1.020873,806.745460,0.968900,1
33,1780259714.359190,1780259714.359840,2,1.012340,429.554669,0.919900,1
33,1780259714.365314,1780259714.366081,3,1.010999,371.956605,0.920400,1
33,1780259714.372371,1780259714.372962,4,1.014001,491.556418,0.847500,1
33,1780259714.378402,1780259714.378973,5,1.008354,480.740698,0.961100,1
34,1780259715.391470,1780259715.392268,1,1.022690,749.097471,0.980900,1
34,1780259715.401240,1780259715.401856,2,1.011109,305.629072,0.973900,1
34,1780259715.411029,1780259715.411694,3,1.015821,395.262801,0.957500,1
34,1780259715.419155,1780259715.419719,4,1.011407,466.468907,0.898200,1
34,1780259715.430280,1780259715.431288,5,1.004217,496.667716,0.952000,1
35,1780259716.409706,1780259716.410474,1,1.025659,955.853017,0.991900,1
35,1780259716.415759,1780259716.416291,2,1.011684,431.053863,0.966900,1
35,1780259716.421860,1780259716.422669,3,1.006283,480.933023,0.963400,1
35,1780259716.428057,1780259716.428548,4,1.010878,505.804744,0.823900,1
35,1780259716.434557,1780259716.435095,5,1.006896,509.240323,0.956700,1
35,1780259717.404571,1780259717.405719,1,1.016952,781.761537,0.964300,1
35,1780259717.411539,1780259717.412057,2,1.012675,365.952615,0.917100,1
35,1780259717.418381,1780259717.419021,3,1.005441,422.204261,0.885300,1
35,1780259717.425043,1780259717.425731,4,1.018000,470.309841,0.887200,1
35,1780259717.431914,1780259717.432448,5,1.009912,463.577288,0.989400,1
36,1780259718.409145,1780259718.411030,1,1.021864,783.021040,0.978700,1
36,1780259718.417014,1780259718.417595,2,1.016052,313.141641,0.962700,1
36,1780259718.423539,1780259718.423895,3,1.008798,418.017000,0.918100,1
36,1780259718.430329,1780259718.430865,4,1.004167,452.783213,0.921300,1
36,1780259718.436793,1780259718.437287,5,1.007975,496.746893,0.989800,1
38,1780259719.412766,1780259719.413186,1,1.023977,779.114009,0.975700,1
38,1780259719.418850,1780259719.419175,2,1.006793,360.533832,0.957500,1
38,1780259719.423295,1780259719.423604,3,1.009874,371.075198,0.906700,1
38,1780259719.430327,1780259719.430759,4,1.008805,469.172017,0.883400,1
38,1780259719.438258,1780259719.439102,5,1.013361,508.722748,0.973200,1
39,1780259720.422209,1780259720.423048,1,1.016417,734.049155,0.972300,1
39,1780259720.429334,1780259720.430261,2,1.016109,359.850390,0.959800,1
39,1780259720.435578,1780259720.438376,3,1.015463,345.281882,0.932600,1
39,1780259720.445392,1780259720.446024,4,1.007384,441.990998,0.941400,1
39,1780259720.450934,1780259720.451471,5,1.000520,475.511155,0.984100,1
39,1780259721.440937,1780259721.441973,1,1.019823,686.750799,0.968100,1
39,1780259721.447467,1780259721.448156,2,1.009817,290.480330,0.976900,1
39,1780259721.454567,1780259721.455273,3,1.011376,362.365033,0.896700,1
39,1780259721.463289,1780259721.463581,4,1.011914,447.313473,0.930000,1
39,1780259721.470751,1780259721.471451,5,1.006028,486.317069,0.977000,1
41,1780259722.428524,1780259722.429121,1,1.020148,824.260857,0.973000,1
41,1780259722.434932,1780259722.435546,2,1.008122,325.932811,0.909600,1
41,1780259722.441842,1780259722.442739,3,1.007671,500.568825,0.902200,1
41,1780259722.448458,1780259722.449015,4,1.009999,503.863804,0.825500,1
41,1780259722.454429,1780259722.455359,5,1.006597,484.345686,0.974800,1
42,1780259723.430772,1780259723.431814,1,1.021264,772.647202,0.977400,1
42,1780259723.438178,1780259723.438867,2,1.012304,342.849464,0.946700,1
42,1780259723.444727,1780259723.445312,3,1.010339,406.751448,0.964100,1
42,1780259723.452168,1780259723.452740,4,1.004312,447.089355,0.930000,1
42,1780259723.459074,1780259723.459774,5,1.004209,464.543123,0.978600,1
43,1780259724.411434,1780259724.411967,1,1.016748,773.990566,0.970300,1
43,1780259724.417648,1780259724.418169,2,1.007881,321.000478,0.931700,1
43,1780259724.423069,1780259724.423539,3,1.007855,457.779208,0.907000,1
43,1780259724.428278,1780259724.428963,4,1.007710,474.648015,0.877300,1
43,1780259724.433707,1780259724.434274,5,1.008491,468.965093,0.980100,1
44,1780259725.421442,1780259725.421959,1,1.024452,783.593087,0.980400,1
44,1780259725.426874,1780259725.427326,2,1.010937,290.061667,0.936700,1
44,1780259725.431911,1780259725.432350,3,1.013964,483.923624,0.969600,1
44,1780259725.437137,1780259725.437635,4,1.013071,464.909077,0.891100,1
44,1780259725.442646,1780259725.443172,5,1.006555,467.294766,0.958500,1
45,1780259726.421014,1780259726.422150,1,1.019111,807.469961,0.985700,1
45,1780259726.427649,1780259726.428123,2,1.012789,309.995714,0.974700,1
45,1780259726.433019,1780259726.433525,3,1.008363,472.419565,0.959100,1
45,1780259726.438580,1780259726.439039,4,1.013720,470.976855,0.882100,1
45,1780259726.443729,1780259726.444178,5,1.007272,487.392804,0.956300,1
46,1780259727.413199,1780259727.413594,1,1.018970,868.977878,0.986600,1
46,1780259727.421575,1780259727.422258,2,1.013941,407.376544,0.956300,1
46,1780259727.428365,1780259727.428916,3,1.005499,420.881305,0.968900,1
46,1780259727.435357,1780259727.435886,4,1.011078,489.194518,0.852800,1
46,1780259727.442760,1780259727.443323,5,1.009349,502.303206,0.950300,1
47,1780259728.420685,1780259728.421292,1,1.022561,853.109764,0.978900,1
47,1780259728.428715,1780259728.429213,2,1.010618,419.082814,0.924000,1
47,1780259728.434589,1780259728.435172,3,1.008270,432.029241,0.964500,1
47,1780259728.439970,1780259728.440429,4,1.006837,487.123641,0.851800,1
47,1780259728.445318,1780259728.445801,5,1.007015,469.304050,0.954600,1
48,1780259729.419181,1780259729.419689,1,1.018692,710.886741,0.970300,1
48,1780259729.424749,1780259729.425202,2,1.008951,293.319319,0.944300,1
48,1780259729.430018,1780259729.430535,3,1.011699,379.218231,0.934400,1
48,1780259729.435191,1780259729.435675,4,1.009304,465.308096,0.889400,1
48,1780259729.440324,1780259729.440800,5,1.012483,502.340620,0.958100,1
49,1780259730.544367,1780259730.544937,1,1.023280,831.243176,0.979700,1
49,1780259730.550220,1780259730.550707,2,1.010444,386.504058,0.921100,1
49,1780259730.557170,1780259730.557716,3,1.011341,405.302710,0.961500,1
49,1780259730.563912,1780259730.564560,4,1.004308,492.688481,0.843700,1
49,1780259730.569267,1780259730.569724,5,1.008891,508.356944,0.953700,1
50,1780259731.568319,1780259731.568854,1,1.014524,718.969034,0.965700,1
50,1780259731.573696,1780259731.574278,2,1.009112,350.929043,0.922100,1
50,1780259731.579115,1780259731.579612,3,1.010095,329.507770,0.949400,1
50,1780259731.586488,1780259731.586967,4,1.011902,463.319679,0.899400,1
50,1780259731.592857,1780259731.593333,5,1.011508,497.679806,0.960500,1
51,1780259732.658693,1780259732.659231,1,1.016064,806.775207,0.969000,1
51,1780259732.667661,1780259732.668259,2,1.006820,395.918408,0.944100,1
51,1780259732.674990,1780259732.675731,3,1.007756,430.341549,0.880900,1
51,1780259732.680825,1780259732.681138,4,1.011471,470.819623,0.878600,1
51,1780259732.685564,1780259732.686222,5,1.004287,453.332007,0.985300,1
52,1780259733.650837,1780259733.651159,1,1.019402,891.799778,0.981300,1
52,1780259733.654630,1780259733.654948,2,1.009810,423.560369,0.943600,1
52,1780259733.658176,1780259733.659230,3,1.010104,475.264737,0.932400,1
52,1780259733.663799,1780259733.664099,4,1.009737,509.758568,0.813900,1
52,1780259733.668308,1780259733.669107,5,1.006477,467.917598,0.955100,1
53,1780259734.662979,1780259734.663521,1,1.017056,825.922659,0.987600,1
53,1780259734.668748,1780259734.669288,2,1.006488,316.699284,0.971900,1
53,1780259734.674285,1780259734.674750,3,1.009442,453.533717,0.957500,1
53,1780259734.681163,1780259734.681710,4,1.009248,478.529258,0.867900,1
53,1780259734.688138,1780259734.688589,5,1.008380,512.251175,0.958400,1
54,1780259735.663258,1780259735.663779,1,1.019891,795.789734,0.976300,1
54,1780259735.668445,1780259735.668903,2,1.010567,328.601859,0.908200,1
54,1780259735.673787,1780259735.674304,3,1.011203,452.574826,0.959600,1
54,1780259735.680884,1780259735.681368,4,1.007832,464.835056,0.890500,1
54,1780259735.687055,1780259735.687419,5,1.005881,475.022743,0.974800,1
55,1780259736.662410,1780259736.662915,1,1.016664,806.992759,0.988200,1
55,1780259736.667698,1780259736.668185,2,1.009527,291.124822,0.974400,1
55,1780259736.673254,1780259736.673803,3,1.010570,461.047165,0.967900,1
55,1780259736.679153,1780259736.679634,4,1.016973,444.017782,0.935300,1
55,1780259736.686468,1780259736.687116,5,1.010305,492.582492,0.985300,1
56,1780259737.677526,1780259737.678166,1,1.023348,706.269450,0.977100,1
56,1780259737.684625,1780259737.685220,2,1.009746,274.870558,0.958900,1
56,1780259737.690022,1780259737.690469,3,1.011807,380.804788,0.963800,1
56,1780259737.695300,1780259737.695786,4,1.010968,436.153095,0.957400,1
56,1780259737.700537,1780259737.700994,5,1.009299,493.721063,0.984600,1
57,1780259738.693474,1780259738.694091,1,1.021530,911.332558,0.978200,1
57,1780259738.699156,1780259738.699646,2,1.011527,417.782801,0.921300,1
57,1780259738.703993,1780259738.704501,3,1.011544,487.940870,0.889700,1
57,1780259738.708995,1780259738.709650,4,1.010748,517.381167,0.808500,1
57,1780259738.752066,1780259738.752934,5,1.006330,496.162590,0.984300,1
58,1780259739.799028,1780259739.799522,1,1.023489,762.239363,0.976400,1
58,1780259739.808661,1780259739.809519,2,1.008577,305.153906,0.965300,1
58,1780259739.817137,1780259739.817665,3,1.010746,424.131770,0.907500,1
58,1780259739.823730,1780259739.824398,4,1.007682,487.128759,0.858100,1
58,1780259739.829684,1780259739.830321,5,1.012000,505.327356,0.959100,1
59,1780259740.812378,1780259740.812673,1,1.020806,721.090572,0.972000,1
59,1780259740.818471,1780259740.818766,2,1.015242,286.409245,0.915500,1
59,1780259740.825583,1780259740.825951,3,1.012022,378.413794,0.957800,1
59,1780259740.831104,1780259740.831632,4,1.007918,466.244664,0.893700,1
59,1780259740.836241,1780259740.837039,5,1.011001,513.518154,0.961200,1
60,1780259741.806231,1780259741.806875,1,1.017968,914.783891,0.984200,1
60,1780259741.812484,1780259741.813110,2,1.009851,386.565949,0.932000,1
60,1780259741.821009,1780259741.821424,3,1.012569,503.264101,0.928300,1
60,1780259741.831208,1780259741.831709,4,1.008440,538.358704,0.777200,1
60,1780259741.836859,1780259741.839096,5,1.007010,516.778947,0.954600,1
61,1780259742.805338,1780259742.806099,1,1.018058,926.199673,0.976100,1
61,1780259742.812637,1780259742.813150,2,1.003750,452.713341,0.914300,1
61,1780259742.820193,1780259742.821184,3,1.012097,510.343715,0.903900,1
61,1780259742.829197,1780259742.829612,4,1.005484,531.635074,0.778400,1
61,1780259742.840412,1780259742.840968,5,1.010527,463.077343,0.967400,1
62,1780259743.816761,1780259743.817336,1,1.019818,845.030858,0.975500,1
62,1780259743.822027,1780259743.822845,2,1.009637,401.967736,0.925100,1
62,1780259743.829882,1780259743.830685,3,1.008072,437.276342,0.926000,1
62,1780259743.837777,1780259743.839420,4,1.009786,489.629787,0.849900,1
62,1780259743.845458,1780259743.845761,5,1.008403,475.519088,0.973100,1
62,1780259744.814708,1780259744.815772,1,1.017289,845.739359,0.970200,1
62,1780259744.828007,1780259744.828597,2,1.010546,314.915419,0.956700,1
62,1780259744.832191,1780259744.832476,3,1.012303,323.760542,0.963300,1
62,1780259744.837075,1780259744.837956,4,1.008587,431.945976,0.960100,1
62,1780259744.844571,1780259744.844932,5,1.004188,480.670577,0.978800,1
63,1780259745.811958,1780259745.812909,1,1.020884,824.373288,0.975700,1
63,1780259745.833454,1780259745.834666,2,1.011707,396.748024,0.953700,1
63,1780259745.842457,1780259745.843023,3,1.006885,416.452761,0.886300,1
63,1780259745.848969,1780259745.849640,4,1.018384,497.566069,0.830800,1
63,1780259745.857723,1780259745.858054,5,1.005436,496.221043,0.963200,1
64,1780259746.818081,1780259746.819044,1,1.020463,792.178467,0.977400,1
64,1780259746.824430,1780259746.824925,2,1.010284,319.315852,0.967800,1
64,1780259746.830180,1780259746.830660,3,1.009158,469.190368,0.907000,1
64,1780259746.835369,1780259746.835836,4,1.004322,481.705774,0.860700,1
64,1780259746.840719,1780259746.841256,5,1.006993,473.585560,0.966300,1
66,1780259747.815910,1780259747.816402,1,1.016866,752.441616,0.968500,1
66,1780259747.821667,1780259747.822159,2,1.009050,349.919041,0.923700,1
66,1780259747.827967,1780259747.828437,3,1.011237,362.093076,0.917800,1
66,1780259747.833645,1780259747.834347,4,1.011524,465.409772,0.892900,1
66,1780259747.839290,1780259747.839803,5,1.002773,503.521563,0.977100,1
67,1780259748.811038,1780259748.811582,1,1.021363,804.405895,0.973600,1
67,1780259748.817623,1780259748.818157,2,1.009701,422.923837,0.949200,1
67,1780259748.822771,1780259748.823146,3,1.006366,387.393364,0.929300,1
67,1780259748.827598,1780259748.828144,4,1.015588,474.968154,0.873700,1
67,1780259748.832918,1780259748.833503,5,1.007440,460.574320,0.961500,1
68,1780259749.808459,1780259749.808922,1,1.024621,807.807899,0.976800,1
68,1780259749.815052,1780259749.815593,2,1.013693,344.131548,0.946400,1
68,1780259749.822607,1780259749.822949,3,1.008952,449.485232,0.921800,1
68,1780259749.828163,1780259749.828700,4,1.004672,495.461217,0.842800,1
68,1780259749.833703,1780259749.834247,5,1.009698,483.676284,0.958500,1
69,1780259750.818114,1780259750.818675,1,1.022233,816.536594,0.978000,1
69,1780259750.824820,1780259750.825294,2,1.012345,343.516351,0.972100,1
69,1780259750.831143,1780259750.831653,3,1.003503,487.315267,0.895300,1
69,1780259750.836795,1780259750.837267,4,1.014478,485.571047,0.854700,1
69,1780259750.842366,1780259750.842912,5,1.003932,458.860630,0.970600,1
70,1780259751.827677,1780259751.828251,1,1.016337,874.369923,0.982000,1
70,1780259751.834325,1780259751.834765,2,1.015078,387.377496,0.926800,1
70,1780259751.839532,1780259751.840065,3,1.009737,467.683807,0.947600,1
70,1780259751.845022,1780259751.845576,4,1.008442,503.888897,0.823400,1
70,1780259751.850704,1780259751.851166,5,1.008585,499.489467,0.959000,1
71,1780259752.880676,1780259752.881276,1,1.016956,733.978367,0.964700,1
71,1780259752.888725,1780259752.889238,2,1.011873,322.604428,0.902000,1
71,1780259752.894053,1780259752.894705,3,1.005079,379.296627,0.922800,1
71,1780259752.899815,1780259752.900317,4,1.008372,490.390082,0.849000,1
71,1780259752.904727,1780259752.905177,5,1.006650,511.470961,0.952900,1
71,1780259753.848666,1780259753.849721,1,1.018940,738.780332,0.972300,1
71,1780259753.886103,1780259753.886735,2,1.015172,340.449534,0.950400,1
71,1780259753.891777,1780259753.892263,3,1.011538,361.963586,0.942700,1
71,1780259753.899024,1780259753.899590,4,1.010216,464.191519,0.897800,1
71,1780259753.905513,1780259753.906090,5,1.011543,487.959490,0.959800,1
72,1780259754.833144,1780259754.835286,1,1.019778,737.494591,0.972300,1
72,1780259754.862879,1780259754.867648,2,1.006506,341.023859,0.950400,1
72,1780259754.899031,1780259754.899553,3,1.006972,452.990552,0.949300,1
72,1780259754.903209,1780259754.903950,4,1.006610,486.601370,0.849200,1
72,1780259754.909660,1780259754.910267,5,1.007115,464.224252,0.967000,1
74,1780259755.859578,1780259755.860064,1,1.018353,739.766604,0.971500,1
74,1780259755.867260,1780259755.867743,2,1.010180,292.891457,0.976600,1
74,1780259755.872477,1780259755.872947,3,1.010433,441.914380,0.884500,1
74,1780259755.877470,1780259755.877981,4,1.007968,457.002176,0.909600,1
74,1780259755.882436,1780259755.882939,5,1.009547,463.022591,0.983900,1
75,1780259756.865268,1780259756.865564,1,1.020925,813.350090,0.985600,1
75,1780259756.887757,1780259756.888077,2,1.011905,345.395201,0.964100,1
75,1780259756.890806,1780259756.891080,3,1.006941,433.015987,0.968900,1
75,1780259756.893749,1780259756.894087,4,1.008068,441.592372,0.941500,1
75,1780259756.896934,1780259756.897214,5,1.007520,481.136457,0.988000,1
76,1780259757.902581,1780259757.903095,1,1.016289,902.415848,0.984300,1
76,1780259757.911736,1780259757.912386,2,1.011818,421.393158,0.949000,1
76,1780259757.917459,1780259757.917938,3,1.009871,462.745760,0.925400,1
76,1780259757.922265,1780259757.922770,4,1.010615,502.714168,0.827600,1
76,1780259757.927278,1780259757.927738,5,1.009788,500.953237,0.971900,1
76,1780259758.932765,1780259758.933296,1,1.024991,840.075942,0.977700,1
76,1780259758.938512,1780259758.938998,2,1.008874,411.299609,0.959500,1
76,1780259758.943628,1780259758.944087,3,1.011437,427.141411,0.903300,1
76,1780259758.948702,1780259758.949157,4,1.012772,484.164550,0.864400,1
76,1780259758.986500,1780259758.987097,5,1.006982,466.884853,0.975500,1
78,1780259759.943831,1780259759.944346,1,1.018501,838.143181,0.974100,1
78,1780259759.949060,1780259759.949577,2,1.008109,403.625574,0.941700,1
78,1780259759.954153,1780259759.954627,3,1.008111,453.466082,0.904700,1
78,1780259759.959071,1780259759.959643,4,1.009480,503.404879,0.828100,1
78,1780259759.964094,1780259759.964545,5,1.008482,464.787328,0.961400,1
79,1780259760.945002,1780259760.945439,1,1.021994,761.572330,0.964800,1
79,1780259760.950648,1780259760.951124,2,1.007541,328.516310,0.925600,1
79,1780259760.956408,1780259760.956942,3,1.010396,442.897439,0.892500,1
79,1780259760.962818,1780259760.963354,4,1.013236,477.317462,0.871900,1
79,1780259760.968446,1780259760.968909,5,1.002307,467.714923,0.977800,1
80,1780259762.290990,1780259762.306364,1,1.021000,817.970508,0.969600,1
80,1780259762.557303,1780259762.574021,2,1.010594,408.475705,0.905100,1
80,1780259762.838687,1780259762.848094,3,1.004356,406.124042,0.928800,1
80,1780259763.094870,1780259763.111481,4,1.010090,457.470228,0.907900,1
80,1780259763.293566,1780259763.299041,5,1.008053,497.350489,0.980600,1
81,1780259763.814774,1780259763.825911,1,1.022027,809.476805,0.984700,1
81,1780259764.104160,1780259764.122283,2,1.010891,350.958250,0.900500,1
81,1780259764.435888,1780259764.443819,3,1.007730,388.180238,0.947800,1
81,1780259764.704837,1780259764.722718,4,1.014010,453.254034,0.916100,1
81,1780259764.998003,1780259765.007038,5,1.006636,476.475178,0.958800,1
83,1780259765.651366,1780259765.661363,1,1.019023,777.467678,0.976600,1
83,1780259766.043098,1780259766.065043,2,1.016035,363.126336,0.902300,1
83,1780259766.425251,1780259766.433929,3,1.012681,386.300927,0.941100,1
83,1780259766.699259,1780259766.699912,4,1.010623,482.417299,0.861600,1
83,1780259766.706304,1780259766.706833,5,1.007345,486.961221,0.956600,1
84,1780259766.719401,1780259766.719682,1,1.027170,762.335130,0.966400,1
84,1780259766.722685,1780259766.723006,2,1.009275,363.812749,0.902300,1
84,1780259766.729982,1780259766.730430,3,1.005835,388.112190,0.941100,1
84,1780259766.736776,1780259766.737292,4,1.011716,482.117073,0.861600,1
84,1780259766.782753,1780259766.783469,5,1.008594,482.942691,0.956600,1
85,1780259767.741733,1780259767.742291,1,1.022280,811.649415,0.966900,1
85,1780259767.747952,1780259767.748486,2,1.007911,364.699037,0.910200,1
85,1780259767.754560,1780259767.755083,3,1.006797,465.421484,0.882400,1
85,1780259767.760882,1780259767.761398,4,1.010245,504.437178,0.823200,1
85,1780259767.766243,1780259767.766768,5,1.008630,478.971915,0.972600,1
86,1780259768.760542,1780259768.761488,1,1.020019,652.882030,0.956600,1
86,1780259768.766444,1780259768.766919,2,1.015719,277.535074,0.951400,1
86,1780259768.772462,1780259768.773065,3,1.006148,365.168762,0.921600,1
86,1780259768.778445,1780259768.778938,4,1.016625,444.422698,0.929200,1
86,1780259768.784471,1780259768.784948,5,1.006883,462.325924,0.965200,1
87,1780259769.856177,1780259769.856772,1,1.022897,808.236842,0.975500,1
87,1780259769.985780,1780259769.986751,2,1.010183,328.085912,0.906600,1
87,1780259770.064638,1780259770.065358,3,1.009309,340.783487,0.928500,1
87,1780259770.177436,1780259770.178046,4,1.006731,469.192550,0.883100,1
87,1780259770.255260,1780259770.256060,5,1.006926,510.860435,0.964000,1
88,1780259770.841168,1780259770.842096,1,1.019219,716.245201,0.963400,1
88,1780259770.939431,1780259770.939945,2,1.012352,373.914016,0.962500,1
88,1780259771.035816,1780259771.036360,3,1.006354,435.975380,0.947900,1
88,1780259771.126209,1780259771.126936,4,1.009850,491.436346,0.844200,1
88,1780259771.233155,1780259771.234251,5,1.007036,515.458663,0.958000,1
89,1780259771.859942,1780259771.860663,1,1.023555,863.324031,0.986500,1
89,1780259771.948277,1780259771.948941,2,1.008650,287.303682,0.912200,1
89,1780259772.066249,1780259772.067003,3,1.002551,355.515653,0.940300,1
89,1780259772.195332,1780259772.196253,4,1.007826,460.183270,0.903300,1
89,1780259772.323608,1780259772.324112,5,1.008568,490.828839,0.958700,1
90,1780259772.903205,1780259772.903784,1,1.021392,675.793746,0.959300,1
90,1780259773.032445,1780259773.032919,2,1.005522,383.771342,0.961400,1
90,1780259773.111539,1780259773.112050,3,1.012584,359.031630,0.934700,1
90,1780259773.221008,1780259773.222014,4,1.012422,478.380489,0.869600,1
90,1780259773.298728,1780259773.299241,5,1.008424,505.795599,0.954600,1
91,1780259773.845620,1780259773.846202,1,1.023912,786.964528,0.978600,1
91,1780259773.954692,1780259773.955267,2,1.013621,395.651795,0.977200,1
91,1780259774.028737,1780259774.029301,3,1.011184,371.612360,0.882300,1
91,1780259774.034690,1780259774.035173,4,1.009675,463.529852,0.901900,1
91,1780259774.039841,1780259774.040324,5,1.008337,469.696011,0.977100,1
92,1780259774.904617,1780259774.905201,1,1.016566,775.348135,0.974800,1
92,1780259774.910486,1780259774.910950,2,1.011581,397.675770,0.977200,1
92,1780259774.916075,1780259774.916631,3,1.010278,373.619544,0.882300,1
92,1780259774.921597,1780259774.922869,4,1.009875,462.961363,0.901900,1
92,1780259774.932641,1780259774.935801,5,1.005828,469.108752,0.977100,1
