timestamp,iterasi_ke,run_id,bus,v_in,i_in,v_out,i_out,v_dt,breaker_cmd,breaker_fb
2026-05-05 12:56:13,1,no_attack,1,0.000000,0.000000,0.000000,0.000000,1.000000,1,0
2026-05-05 12:56:13,1,no_attack,2,0.000000,0.000000,0.000000,0.000000,1.000000,1,0
2026-05-05 12:56:13,1,no_attack,3,0.000000,0.000000,0.000000,0.000000,1.000000,1,0
2026-05-05 12:56:13,1,no_attack,4,0.000000,0.000000,0.000000,0.000000,1.000000,1,0
2026-05-05 12:56:13,1,no_attack,5,0.000000,0.000000,0.000000,0.000000,1.000000,1,0
2026-05-05 12:56:17,2,no_attack,1,1.012000,169.241379,1.012000,169.241379,1.050041,1,1
2026-05-05 12:56:17,2,no_attack,2,0.977000,330.241379,0.977000,330.241379,1.050000,1,1
2026-05-05 12:56:17,2,no_attack,3,1.022000,653.275862,1.022000,653.275862,1.040516,1,1
2026-05-05 12:56:17,2,no_attack,4,1.039000,210.586207,1.039000,210.586207,1.037750,1,1
2026-05-05 12:56:17,2,no_attack,5,0.992000,176.655172,0.992000,176.655172,1.039604,1,1
2026-05-05 12:56:21,3,no_attack,1,0.971000,553.586207,0.971000,553.586207,1.048815,1,1
2026-05-05 12:56:21,3,no_attack,2,0.952000,319.310345,0.952000,319.310345,1.048505,1,1
2026-05-05 12:56:21,3,no_attack,3,1.014000,559.793103,1.014000,559.793103,1.040398,1,1
2026-05-05 12:56:21,3,no_attack,4,0.972000,619.344828,0.972000,619.344828,1.039671,1,1
2026-05-05 12:56:21,3,no_attack,5,1.030000,152.758621,1.030000,152.758621,1.041386,1,1
2026-05-05 12:56:25,4,no_attack,1,1.030000,664.724138,1.030000,664.724138,1.045332,1,1
2026-05-05 12:56:25,4,no_attack,2,0.984000,275.551724,0.984000,275.551724,1.047428,1,1
2026-05-05 12:56:25,4,no_attack,3,1.045000,391.379310,1.045000,391.379310,1.040190,1,1
2026-05-05 12:56:25,4,no_attack,4,0.959000,235.931034,0.959000,235.931034,1.039281,1,1
2026-05-05 12:56:25,4,no_attack,5,1.034000,592.448276,1.034000,592.448276,1.041295,1,1
2026-05-05 12:56:29,5,no_attack,1,1.030000,664.724138,1.030000,664.724138,1.041897,1,1
2026-05-05 12:56:29,5,no_attack,2,0.984000,275.551724,0.984000,275.551724,1.046925,1,1
2026-05-05 12:56:29,5,no_attack,3,1.045000,391.379310,1.045000,391.379310,1.040353,1,1
2026-05-05 12:56:29,5,no_attack,4,0.959000,235.931034,0.959000,235.931034,1.039308,1,1
2026-05-05 12:56:29,5,no_attack,5,1.034000,592.448276,1.034000,592.448276,1.040774,1,1
2026-05-05 12:56:33,6,no_attack,1,1.030000,688.034483,1.030000,688.034483,1.039586,1,1
2026-05-05 12:56:33,6,no_attack,2,1.002000,891.586207,1.002000,891.586207,1.046460,1,1
2026-05-05 12:56:33,6,no_attack,3,0.987000,580.689655,0.987000,580.689655,1.040219,1,1
2026-05-05 12:56:33,6,no_attack,4,1.032000,604.413793,1.032000,604.413793,1.039005,1,1
2026-05-05 12:56:33,6,no_attack,5,1.036000,572.241379,1.036000,572.241379,1.040122,1,1
2026-05-05 12:56:37,7,no_attack,1,1.020000,183.724138,1.020000,183.724138,1.037525,1,1
2026-05-05 12:56:37,7,no_attack,2,0.972000,383.724138,0.972000,383.724138,1.042157,1,1
2026-05-05 12:56:37,7,no_attack,3,0.957000,344.586207,0.957000,344.586207,1.037753,1,1
2026-05-05 12:56:37,7,no_attack,4,0.960000,379.724138,0.960000,379.724138,1.036373,1,1
2026-05-05 12:56:37,7,no_attack,5,1.012000,425.068966,1.012000,425.068966,1.037644,1,1
2026-05-05 12:56:41,8,no_attack,1,0.987000,316.448276,0.987000,316.448276,1.040477,1,1
2026-05-05 12:56:41,8,no_attack,2,0.976000,887.689655,0.976000,887.689655,1.042958,1,1
2026-05-05 12:56:41,8,no_attack,3,1.014000,608.172414,1.014000,608.172414,1.038142,1,1
2026-05-05 12:56:41,8,no_attack,4,0.967000,732.793103,0.967000,732.793103,1.036271,1,1
2026-05-05 12:56:41,8,no_attack,5,0.966000,457.379310,0.966000,457.379310,1.037617,1,1
2026-05-05 12:56:45,9,no_attack,1,1.048000,610.827586,1.048000,610.827586,1.041089,1,1
2026-05-05 12:56:45,9,no_attack,2,1.004000,670.931034,1.004000,670.931034,1.039878,1,1
2026-05-05 12:56:45,9,no_attack,3,1.034000,719.758621,1.034000,719.758621,1.035793,1,1
2026-05-05 12:56:45,9,no_attack,4,0.972000,181.965517,0.972000,181.965517,1.033813,1,1
2026-05-05 12:56:45,9,no_attack,5,0.981000,363.482759,0.981000,363.482759,1.035509,1,1
2026-05-05 12:56:49,10,no_attack,1,1.048000,610.827586,1.048000,610.827586,1.039267,1,1
2026-05-05 12:56:49,10,no_attack,2,1.004000,670.931034,1.004000,670.931034,1.039362,1,1
2026-05-05 12:56:49,10,no_attack,3,1.034000,719.758621,1.034000,719.758621,1.035844,1,1
2026-05-05 12:56:49,10,no_attack,4,0.972000,181.965517,0.972000,181.965517,1.036241,1,1
2026-05-05 12:56:49,10,no_attack,5,0.981000,363.482759,0.981000,363.482759,1.037612,1,1
2026-05-05 12:56:53,11,no_attack,1,0.971000,897.724138,0.971000,897.724138,1.038064,1,1
2026-05-05 12:56:53,11,no_attack,2,1.037000,378.310345,1.037000,378.310345,1.038997,1,1
2026-05-05 12:56:53,11,no_attack,3,1.014000,447.379310,1.014000,447.379310,1.035829,1,1
2026-05-05 12:56:53,11,no_attack,4,1.041000,482.551724,1.041000,482.551724,1.037763,1,1
2026-05-05 12:56:53,11,no_attack,5,0.976000,348.862069,0.976000,348.862069,1.038922,1,1
2026-05-05 12:56:57,12,no_attack,1,1.006000,350.793103,1.006000,350.793103,1.035543,1,1
2026-05-05 12:56:57,12,no_attack,2,1.008000,830.344828,1.008000,830.344828,1.040327,1,1
2026-05-05 12:56:57,12,no_attack,3,0.989000,323.068966,0.989000,323.068966,1.036620,1,1
2026-05-05 12:56:57,12,no_attack,4,1.049000,515.551724,1.049000,515.551724,1.037109,1,1
2026-05-05 12:56:57,12,no_attack,5,0.959000,196.517241,0.959000,196.517241,1.038513,1,1
2026-05-05 12:57:01,13,no_attack,1,0.960000,656.793103,0.960000,656.793103,1.037776,1,1
2026-05-05 12:57:01,13,no_attack,2,1.029000,461.068966,1.029000,461.068966,1.039227,1,1
2026-05-05 12:57:01,13,no_attack,3,0.956000,463.862069,0.956000,463.862069,1.036803,1,1
2026-05-05 12:57:01,13,no_attack,4,1.049000,529.862069,1.049000,529.862069,1.036819,1,1
2026-05-05 12:57:01,13,no_attack,5,1.047000,772.724138,1.047000,772.724138,1.038574,1,1
2026-05-05 12:57:05,14,no_attack,1,0.951000,738.344828,0.951000,738.344828,1.037776,1,1
2026-05-05 12:57:05,14,no_attack,2,1.018000,552.103448,1.018000,552.103448,1.039227,1,1
2026-05-05 12:57:05,14,no_attack,3,0.956000,463.862069,0.956000,463.862069,1.036803,1,1
2026-05-05 12:57:05,14,no_attack,4,1.049000,529.862069,1.049000,529.862069,1.036819,1,1
2026-05-05 12:57:05,14,no_attack,5,1.047000,772.724138,1.047000,772.724138,1.038574,1,1
2026-05-05 12:57:09,15,no_attack,1,0.951000,738.344828,0.951000,738.344828,1.037048,1,1
2026-05-05 12:57:09,15,no_attack,2,1.018000,552.103448,1.018000,552.103448,1.039593,1,1
2026-05-05 12:57:09,15,no_attack,3,0.976000,656.758621,0.976000,656.758621,1.035926,1,1
2026-05-05 12:57:09,15,no_attack,4,0.961000,503.724138,0.961000,503.724138,1.033951,1,1
2026-05-05 12:57:09,15,no_attack,5,0.995000,884.172414,0.995000,884.172414,1.035470,1,1
2026-05-05 12:57:13,16,no_attack,1,1.037000,340.655172,1.037000,340.655172,1.035939,1,1
2026-05-05 12:57:13,16,no_attack,2,1.000000,288.793103,1.000000,288.793103,1.038921,1,1
2026-05-05 12:57:13,16,no_attack,3,1.041000,784.206897,1.041000,784.206897,1.034399,1,1
2026-05-05 12:57:13,16,no_attack,4,0.979000,653.068966,0.979000,653.068966,1.031867,1,1
2026-05-05 12:57:13,16,no_attack,5,1.010000,266.206897,1.010000,266.206897,1.033081,1,1
2026-05-05 12:57:17,17,no_attack,1,1.026000,549.551724,1.026000,549.551724,1.038159,1,1
2026-05-05 12:57:17,17,no_attack,2,1.027000,541.965517,1.027000,541.965517,1.040367,1,1
2026-05-05 12:57:17,17,no_attack,3,0.950000,420.827586,0.950000,420.827586,1.034235,1,1
2026-05-05 12:57:17,17,no_attack,4,0.951000,904.689655,0.951000,904.689655,1.032011,1,1
2026-05-05 12:57:17,17,no_attack,5,1.037000,758.206897,1.037000,758.206897,1.033711,1,1
2026-05-05 12:57:21,18,no_attack,1,0.980000,200.586207,0.980000,200.586207,1.037675,1,1
2026-05-05 12:57:21,18,no_attack,2,1.037000,842.965517,1.037000,842.965517,1.039495,1,1
2026-05-05 12:57:21,18,no_attack,3,0.958000,545.862069,0.958000,545.862069,1.033235,1,1
2026-05-05 12:57:21,18,no_attack,4,0.956000,765.689655,0.956000,765.689655,1.028508,1,1
2026-05-05 12:57:21,18,no_attack,5,1.026000,244.000000,1.026000,244.000000,1.030367,1,1
2026-05-05 12:57:25,19,no_attack,1,0.997000,573.344828,0.997000,573.344828,1.040199,1,1
2026-05-05 12:57:25,19,no_attack,2,0.976000,837.689655,0.976000,837.689655,1.037856,1,1
2026-05-05 12:57:25,19,no_attack,3,0.992000,316.517241,0.992000,316.517241,1.033059,1,1
2026-05-05 12:57:25,19,no_attack,4,1.002000,706.551724,1.002000,706.551724,1.029267,1,1
2026-05-05 12:57:25,19,no_attack,5,0.970000,402.344828,0.970000,402.344828,1.031496,1,1
2026-05-05 12:57:29,20,no_attack,1,0.997000,573.344828,0.997000,573.344828,1.039009,1,1
2026-05-05 12:57:29,20,no_attack,2,0.976000,837.689655,0.976000,837.689655,1.037169,1,1
2026-05-05 12:57:29,20,no_attack,3,0.992000,316.517241,0.992000,316.517241,1.033625,1,1
2026-05-05 12:57:29,20,no_attack,4,1.002000,706.551724,1.002000,706.551724,1.029702,1,1
2026-05-05 12:57:29,20,no_attack,5,0.970000,402.344828,0.970000,402.344828,1.032013,1,1
2026-05-05 12:57:33,21,no_attack,1,1.049000,617.655172,1.049000,617.655172,1.038227,1,1
2026-05-05 12:57:33,21,no_attack,2,0.993000,550.724138,0.993000,550.724138,1.036706,1,1
2026-05-05 12:57:33,21,no_attack,3,0.962000,336.689655,0.962000,336.689655,1.033974,1,1
2026-05-05 12:57:33,21,no_attack,4,0.983000,611.172414,0.983000,611.172414,1.029972,1,1
2026-05-05 12:57:33,21,no_attack,5,0.973000,329.413793,0.973000,329.413793,1.032335,1,1
2026-05-05 12:57:37,22,no_attack,1,0.957000,662.344828,0.957000,662.344828,1.037319,1,1
2026-05-05 12:57:37,22,no_attack,2,0.972000,866.655172,0.972000,866.655172,1.038192,1,1
2026-05-05 12:57:37,22,no_attack,3,1.035000,199.413793,1.035000,199.413793,1.035312,1,1
2026-05-05 12:57:37,22,no_attack,4,0.973000,680.655172,0.973000,680.655172,1.031473,1,1
2026-05-05 12:57:37,22,no_attack,5,0.971000,260.931034,0.971000,260.931034,1.033805,1,1
2026-05-05 12:57:41,23,no_attack,1,1.043000,563.586207,1.043000,563.586207,1.036700,1,1
2026-05-05 12:57:41,23,no_attack,2,0.997000,753.068966,0.997000,753.068966,1.037600,1,1
2026-05-05 12:57:41,23,no_attack,3,1.030000,288.896552,1.030000,288.896552,1.035882,1,1
2026-05-05 12:57:41,23,no_attack,4,0.959000,501.551724,0.959000,501.551724,1.032252,1,1
2026-05-05 12:57:41,23,no_attack,5,0.992000,512.689655,0.992000,512.689655,1.034672,1,1
2026-05-05 12:57:45,24,no_attack,1,1.022000,651.241379,1.022000,651.241379,1.036674,1,1
2026-05-05 12:57:45,24,no_attack,2,1.048000,217.103448,1.048000,217.103448,1.037617,1,1
2026-05-05 12:57:45,24,no_attack,3,0.990000,415.379310,0.990000,415.379310,1.036113,1,1
2026-05-05 12:57:45,24,no_attack,4,1.036000,330.275862,1.036000,330.275862,1.032860,1,1
2026-05-05 12:57:45,24,no_attack,5,0.969000,510.551724,0.969000,510.551724,1.034946,1,1
2026-05-05 12:57:49,25,no_attack,1,1.022000,651.241379,1.022000,651.241379,1.036329,1,1
2026-05-05 12:57:49,25,no_attack,2,1.048000,217.103448,1.048000,217.103448,1.040634,1,1
2026-05-05 12:57:49,25,no_attack,3,0.990000,415.379310,0.990000,415.379310,1.037424,1,1
2026-05-05 12:57:49,25,no_attack,4,1.036000,330.275862,1.036000,330.275862,1.034428,1,1
2026-05-05 12:57:49,25,no_attack,5,0.969000,510.551724,0.969000,510.551724,1.036172,1,1
2026-05-05 12:57:53,26,no_attack,1,0.992000,367.896552,0.992000,367.896552,1.036084,1,1
2026-05-05 12:57:53,26,no_attack,2,0.974000,878.758621,0.974000,878.758621,1.042513,1,1
2026-05-05 12:57:53,26,no_attack,3,0.994000,814.172414,0.994000,814.172414,1.037424,1,1
2026-05-05 12:57:53,26,no_attack,4,0.990000,199.241379,0.990000,199.241379,1.034428,1,1
2026-05-05 12:57:53,26,no_attack,5,0.987000,915.172414,0.987000,915.172414,1.036172,1,1
2026-05-05 12:57:57,27,no_attack,1,0.976000,768.655172,0.976000,768.655172,1.036084,1,1
2026-05-05 12:57:57,27,no_attack,2,0.995000,477.344828,0.995000,477.344828,1.042513,1,1
2026-05-05 12:57:57,27,no_attack,3,1.045000,871.931034,1.045000,871.931034,1.038167,1,1
2026-05-05 12:57:57,27,no_attack,4,1.004000,696.620690,1.004000,696.620690,1.035335,1,1
2026-05-05 12:57:57,27,no_attack,5,0.965000,915.172414,0.965000,915.172414,1.036861,1,1
2026-05-05 12:58:01,28,no_attack,1,0.976000,768.655172,0.976000,768.655172,1.034863,1,1
2026-05-05 12:58:01,28,no_attack,2,0.995000,477.344828,0.995000,477.344828,1.040537,1,1
2026-05-05 12:58:01,28,no_attack,3,1.045000,871.931034,1.045000,871.931034,1.034455,1,1
2026-05-05 12:58:01,28,no_attack,4,1.004000,696.620690,1.004000,696.620690,1.030982,1,1
2026-05-05 12:58:01,28,no_attack,5,0.965000,392.413793,0.965000,392.413793,1.032431,1,1
2026-05-05 12:58:05,29,no_attack,1,0.976000,768.655172,0.976000,768.655172,1.034203,1,1
2026-05-05 12:58:05,29,no_attack,2,0.995000,477.344828,0.995000,477.344828,1.039712,1,1
2026-05-05 12:58:05,29,no_attack,3,1.045000,871.931034,1.045000,871.931034,1.033002,1,1
2026-05-05 12:58:05,29,no_attack,4,1.004000,696.620690,1.004000,696.620690,1.030232,1,1
2026-05-05 12:58:05,29,no_attack,5,0.965000,392.413793,0.965000,392.413793,1.032021,1,1
2026-05-05 12:58:09,30,no_attack,1,1.046000,567.724138,1.046000,567.724138,1.033769,1,1
2026-05-05 12:58:09,30,no_attack,2,1.004000,720.034483,1.004000,720.034483,1.039154,1,1
2026-05-05 12:58:09,30,no_attack,3,0.955000,625.862069,0.955000,625.862069,1.032013,1,1
2026-05-05 12:58:09,30,no_attack,4,1.000000,802.758621,1.000000,802.758621,1.029694,1,1
2026-05-05 12:58:09,30,no_attack,5,0.965000,916.793103,0.965000,916.793103,1.031705,1,1
2026-05-05 12:58:13,31,no_attack,1,0.958000,307.172414,0.958000,307.172414,1.034460,1,1
2026-05-05 12:58:13,31,no_attack,2,1.008000,661.275862,1.008000,661.275862,1.037227,1,1
2026-05-05 12:58:13,31,no_attack,3,0.973000,250.620690,0.973000,250.620690,1.030360,1,1
2026-05-05 12:58:13,31,no_attack,4,1.039000,327.551724,1.039000,327.551724,1.026238,1,1
2026-05-05 12:58:13,31,no_attack,5,1.008000,619.137931,1.008000,619.137931,1.028156,1,1
2026-05-05 12:58:17,32,no_attack,1,0.991000,602.620690,0.991000,602.620690,1.037593,1,1
2026-05-05 12:58:17,32,no_attack,2,1.002000,863.551724,1.002000,863.551724,1.038341,1,1
2026-05-05 12:58:17,32,no_attack,3,0.970000,720.137931,0.970000,720.137931,1.033338,1,1
2026-05-05 12:58:17,32,no_attack,4,0.973000,466.620690,0.973000,466.620690,1.029847,1,1
2026-05-05 12:58:17,32,no_attack,5,1.016000,374.931034,1.016000,374.931034,1.031381,1,1
2026-05-05 12:58:21,33,no_attack,1,0.981000,739.655172,0.981000,739.655172,1.037114,1,1
2026-05-05 12:58:21,33,no_attack,2,0.957000,524.517241,0.957000,524.517241,1.036863,1,1
2026-05-05 12:58:21,33,no_attack,3,1.049000,869.034483,1.049000,869.034483,1.032995,1,1
2026-05-05 12:58:21,33,no_attack,4,0.957000,329.172414,0.957000,329.172414,1.031384,1,1
2026-05-05 12:58:21,33,no_attack,5,0.976000,885.206897,0.976000,885.206897,1.032942,1,1
2026-05-05 12:58:25,34,no_attack,1,1.038000,793.034483,1.038000,793.034483,1.035847,1,1
2026-05-05 12:58:25,34,no_attack,2,0.986000,276.482759,0.986000,276.482759,1.037212,1,1
2026-05-05 12:58:25,34,no_attack,3,1.033000,666.931034,1.033000,666.931034,1.032039,1,1
2026-05-05 12:58:25,34,no_attack,4,1.010000,895.586207,1.010000,895.586207,1.031024,1,1
2026-05-05 12:58:25,34,no_attack,5,1.014000,156.103448,1.014000,156.103448,1.032079,1,1
2026-05-05 12:58:29,35,no_attack,1,1.038000,793.034483,1.038000,793.034483,1.034396,1,1
2026-05-05 12:58:29,35,no_attack,2,0.986000,276.482759,0.986000,276.482759,1.039052,1,1
2026-05-05 12:58:29,35,no_attack,3,1.033000,666.931034,1.033000,666.931034,1.032677,1,1
2026-05-05 12:58:29,35,no_attack,4,1.010000,895.586207,1.010000,895.586207,1.030311,1,1
2026-05-05 12:58:29,35,no_attack,5,1.014000,156.103448,1.014000,156.103448,1.032253,1,1
2026-05-05 12:58:33,36,no_attack,1,1.031000,369.172414,1.031000,369.172414,1.033429,1,1
2026-05-05 12:58:33,36,no_attack,2,1.016000,854.758621,1.016000,854.758621,1.040214,1,1
2026-05-05 12:58:33,36,no_attack,3,0.963000,249.724138,0.963000,249.724138,1.033053,1,1
2026-05-05 12:58:33,36,no_attack,4,0.960000,598.034483,0.960000,598.034483,1.029805,1,1
2026-05-05 12:58:33,36,no_attack,5,0.977000,628.172414,0.977000,628.172414,1.032324,1,1
2026-05-05 12:58:37,37,no_attack,1,1.020000,301.275862,1.020000,301.275862,1.036095,1,1
2026-05-05 12:58:37,37,no_attack,2,1.012000,349.206897,1.012000,349.206897,1.038650,1,1
2026-05-05 12:58:37,37,no_attack,3,0.998000,844.068966,0.998000,844.068966,1.033744,1,1
2026-05-05 12:58:37,37,no_attack,4,1.034000,215.482759,1.034000,215.482759,1.030097,1,1
2026-05-05 12:58:37,37,no_attack,5,0.992000,366.379310,0.992000,366.379310,1.032291,1,1
2026-05-05 12:58:41,38,no_attack,1,0.950000,779.413793,0.950000,779.413793,1.038689,1,1
2026-05-05 12:58:41,38,no_attack,2,1.012000,347.586207,1.012000,347.586207,1.040316,1,1
2026-05-05 12:58:41,38,no_attack,3,1.024000,559.793103,1.024000,559.793103,1.034650,1,1
2026-05-05 12:58:41,38,no_attack,4,0.992000,161.068966,0.992000,161.068966,1.033417,1,1
2026-05-05 12:58:41,38,no_attack,5,0.957000,862.793103,0.957000,862.793103,1.035204,1,1
2026-05-05 12:58:45,39,no_attack,1,1.040000,546.620690,1.040000,546.620690,1.036949,1,1
2026-05-05 12:58:45,39,no_attack,2,1.033000,577.551724,1.033000,577.551724,1.041250,1,1
2026-05-05 12:58:45,39,no_attack,3,0.964000,258.862069,0.964000,258.862069,1.035442,1,1
2026-05-05 12:58:45,39,no_attack,4,0.980000,854.655172,0.980000,854.655172,1.034411,1,1
2026-05-05 12:58:45,39,no_attack,5,1.029000,785.793103,1.029000,785.793103,1.035481,1,1
2026-05-05 12:58:49,40,no_attack,1,1.039000,300.793103,1.039000,300.793103,1.036858,1,1
2026-05-05 12:58:49,40,no_attack,2,0.974000,236.896552,0.974000,236.896552,1.040137,1,1
2026-05-05 12:58:49,40,no_attack,3,1.028000,804.413793,1.028000,804.413793,1.034567,1,1
2026-05-05 12:58:49,40,no_attack,4,0.990000,631.896552,0.990000,631.896552,1.030395,1,1
2026-05-05 12:58:49,40,no_attack,5,0.965000,892.655172,0.965000,892.655172,1.031798,1,1
2026-05-05 12:58:53,41,no_attack,1,1.039000,300.793103,1.039000,300.793103,1.038906,1,1
2026-05-05 12:58:53,41,no_attack,2,0.974000,236.896552,0.974000,236.896552,1.040813,1,1
2026-05-05 12:58:53,41,no_attack,3,1.028000,804.413793,1.028000,804.413793,1.033045,1,1
2026-05-05 12:58:53,41,no_attack,4,0.990000,631.896552,0.990000,631.896552,1.028349,1,1
2026-05-05 12:58:53,41,no_attack,5,0.965000,892.655172,0.965000,892.655172,1.029716,1,1
2026-05-05 12:58:57,42,no_attack,1,1.036000,865.620690,1.036000,865.620690,1.040215,1,1
2026-05-05 12:58:57,42,no_attack,2,1.031000,800.000000,1.031000,800.000000,1.041214,1,1
2026-05-05 12:58:57,42,no_attack,3,0.952000,750.000000,0.952000,750.000000,1.032010,1,1
2026-05-05 12:58:57,42,no_attack,4,0.983000,877.275862,0.983000,877.275862,1.026981,1,1
2026-05-05 12:58:57,42,no_attack,5,1.030000,787.827586,1.030000,787.827586,1.028324,1,1
2026-05-05 12:59:01,43,no_attack,1,1.031000,345.310345,1.031000,345.310345,1.040215,1,1
2026-05-05 12:59:01,43,no_attack,2,1.028000,228.413793,1.028000,228.413793,1.041214,1,1
2026-05-05 12:59:01,43,no_attack,3,1.037000,778.482759,1.037000,778.482759,1.032010,1,1
2026-05-05 12:59:01,43,no_attack,4,0.972000,797.551724,0.972000,797.551724,1.026981,1,1
2026-05-05 12:59:01,43,no_attack,5,0.996000,386.862069,0.996000,386.862069,1.028324,1,1
2026-05-05 12:59:05,44,no_attack,1,1.029000,316.793103,1.029000,316.793103,1.039679,1,1
2026-05-05 12:59:05,44,no_attack,2,0.952000,314.862069,0.952000,314.862069,1.041859,1,1
2026-05-05 12:59:05,44,no_attack,3,0.982000,826.034483,0.982000,826.034483,1.032298,1,1
2026-05-05 12:59:05,44,no_attack,4,1.046000,349.137931,1.046000,349.137931,1.027515,1,1
2026-05-05 12:59:05,44,no_attack,5,1.014000,451.034483,1.014000,451.034483,1.029323,1,1
2026-05-05 12:59:09,45,no_attack,1,1.048000,535.724138,1.048000,535.724138,1.040819,1,1
2026-05-05 12:59:09,45,no_attack,2,1.043000,230.413793,1.043000,230.413793,1.042400,1,1
2026-05-05 12:59:09,45,no_attack,3,1.047000,275.758621,1.047000,275.758621,1.033261,1,1
2026-05-05 12:59:09,45,no_attack,4,1.046000,339.344828,1.046000,339.344828,1.030345,1,1
2026-05-05 12:59:09,45,no_attack,5,0.960000,503.724138,0.960000,503.724138,1.031973,1,1
2026-05-05 12:59:13,46,no_attack,1,1.048000,535.724138,1.048000,535.724138,1.039824,1,1
2026-05-05 12:59:13,46,no_attack,2,1.043000,230.413793,1.043000,230.413793,1.043822,1,1
2026-05-05 12:59:13,46,no_attack,3,1.047000,275.758621,1.047000,275.758621,1.035845,1,1
2026-05-05 12:59:13,46,no_attack,4,1.046000,339.344828,1.046000,339.344828,1.032756,1,1
2026-05-05 12:59:13,46,no_attack,5,0.960000,503.724138,0.960000,503.724138,1.034243,1,1
2026-05-05 12:59:17,47,no_attack,1,1.022000,383.034483,1.022000,383.034483,1.039164,1,1
2026-05-05 12:59:17,47,no_attack,2,1.010000,536.931034,1.010000,536.931034,1.044688,1,1
2026-05-05 12:59:17,47,no_attack,3,0.988000,599.241379,0.988000,599.241379,1.037406,1,1
2026-05-05 12:59:17,47,no_attack,4,0.975000,710.620690,0.975000,710.620690,1.034173,1,1
2026-05-05 12:59:17,47,no_attack,5,0.950000,903.586207,0.950000,903.586207,1.035574,1,1
2026-05-05 12:59:21,48,no_attack,1,1.002000,698.620690,1.002000,698.620690,1.039688,1,1
2026-05-05 12:59:21,48,no_attack,2,1.024000,648.379310,1.024000,648.379310,1.042407,1,1
2026-05-05 12:59:21,48,no_attack,3,0.986000,208.758621,0.986000,208.758621,1.035139,1,1
2026-05-05 12:59:21,48,no_attack,4,1.016000,397.862069,1.016000,397.862069,1.030780,1,1
2026-05-05 12:59:21,48,no_attack,5,0.981000,814.551724,0.981000,814.551724,1.032196,1,1
2026-05-05 12:59:25,49,no_attack,1,1.020000,373.413793,1.020000,373.413793,1.037757,1,1
2026-05-05 12:59:25,49,no_attack,2,0.980000,473.068966,0.980000,473.068966,1.041209,1,1
2026-05-05 12:59:25,49,no_attack,3,0.990000,381.793103,0.990000,381.793103,1.035827,1,1
2026-05-05 12:59:25,49,no_attack,4,0.962000,491.551724,0.962000,491.551724,1.031396,1,1
2026-05-05 12:59:25,49,no_attack,5,1.044000,640.965517,1.044000,640.965517,1.032519,1,1
2026-05-05 12:59:29,50,no_attack,1,1.040000,597.965517,1.040000,597.965517,1.039031,1,1
2026-05-05 12:59:29,50,no_attack,2,0.980000,582.068966,0.980000,582.068966,1.041401,1,1
2026-05-05 12:59:29,50,no_attack,3,0.950000,390.931034,0.950000,390.931034,1.035997,1,1
2026-05-05 12:59:29,50,no_attack,4,0.992000,599.137931,0.992000,599.137931,1.031546,1,1
2026-05-05 12:59:29,50,no_attack,5,1.014000,499.482759,1.014000,499.482759,1.032695,1,1
2026-05-05 12:59:33,51,no_attack,1,0.994000,317.379310,0.994000,317.379310,1.037970,1,1
2026-05-05 12:59:33,51,no_attack,2,0.997000,842.206897,0.997000,842.206897,1.040839,1,1
2026-05-05 12:59:33,51,no_attack,3,1.029000,273.862069,1.029000,273.862069,1.035987,1,1
2026-05-05 12:59:33,51,no_attack,4,0.958000,569.344828,0.958000,569.344828,1.031599,1,1
2026-05-05 12:59:33,51,no_attack,5,1.012000,402.862069,1.012000,402.862069,1.032996,1,1
2026-05-05 12:59:37,52,no_attack,1,0.994000,317.379310,0.994000,317.379310,1.039560,1,1
2026-05-05 12:59:37,52,no_attack,2,0.997000,842.206897,0.997000,842.206897,1.039406,1,1
2026-05-05 12:59:37,52,no_attack,3,1.029000,273.862069,1.029000,273.862069,1.036057,1,1
2026-05-05 12:59:37,52,no_attack,4,0.958000,569.344828,0.958000,569.344828,1.032299,1,1
2026-05-05 12:59:37,52,no_attack,5,1.012000,402.862069,1.012000,402.862069,1.033894,1,1
2026-05-05 12:59:41,53,no_attack,1,1.031000,703.103448,1.031000,703.103448,1.040569,1,1
2026-05-05 12:59:41,53,no_attack,2,1.016000,318.379310,1.016000,318.379310,1.038449,1,1
2026-05-05 12:59:41,53,no_attack,3,0.969000,176.482759,0.969000,176.482759,1.036081,1,1
2026-05-05 12:59:41,53,no_attack,4,0.974000,528.448276,0.974000,528.448276,1.032736,1,1
2026-05-05 12:59:41,53,no_attack,5,1.034000,201.068966,1.034000,201.068966,1.034459,1,1
2026-05-05 12:59:45,54,no_attack,1,0.991000,638.379310,0.991000,638.379310,1.038441,1,1
2026-05-05 12:59:45,54,no_attack,2,0.969000,705.241379,0.969000,705.241379,1.041004,1,1
2026-05-05 12:59:45,54,no_attack,3,0.999000,338.827586,0.999000,338.827586,1.038080,1,1
2026-05-05 12:59:45,54,no_attack,4,1.014000,154.344828,1.014000,154.344828,1.034521,1,1
2026-05-05 12:59:45,54,no_attack,5,1.025000,721.793103,1.025000,721.793103,1.036444,1,1
2026-05-05 12:59:49,55,no_attack,1,0.960000,496.344828,0.960000,496.344828,1.037532,1,1
2026-05-05 12:59:49,55,no_attack,2,0.967000,912.827586,0.967000,912.827586,1.040381,1,1
2026-05-05 12:59:49,55,no_attack,3,1.000000,190.517241,1.000000,190.517241,1.038059,1,1
2026-05-05 12:59:49,55,no_attack,4,0.974000,820.206897,0.974000,820.206897,1.035689,1,1
2026-05-05 12:59:49,55,no_attack,5,0.995000,767.172414,0.995000,767.172414,1.036907,1,1
2026-05-05 12:59:53,56,no_attack,1,1.016000,891.137931,1.016000,891.137931,1.037852,1,1
2026-05-05 12:59:53,56,no_attack,2,1.008000,868.896552,1.008000,868.896552,1.038189,1,1
2026-05-05 12:59:53,56,no_attack,3,1.039000,596.517241,1.039000,596.517241,1.036130,1,1
2026-05-05 12:59:53,56,no_attack,4,1.020000,526.034483,1.020000,526.034483,1.031712,1,1
2026-05-05 12:59:53,56,no_attack,5,1.033000,552.172414,1.033000,552.172414,1.033190,1,1
2026-05-05 12:59:57,57,no_attack,1,1.016000,891.137931,1.016000,891.137931,1.034792,1,1
2026-05-05 12:59:57,57,no_attack,2,1.008000,868.896552,1.008000,868.896552,1.036279,1,1
2026-05-05 12:59:57,57,no_attack,3,1.039000,596.517241,1.039000,596.517241,1.034330,1,1
2026-05-05 12:59:57,57,no_attack,4,1.020000,526.034483,1.020000,526.034483,1.031200,1,1
2026-05-05 12:59:57,57,no_attack,5,1.033000,552.172414,1.033000,552.172414,1.032644,1,1
2026-05-05 13:00:01,58,no_attack,1,1.039000,692.275862,1.039000,692.275862,1.032749,1,1
2026-05-05 13:00:01,58,no_attack,2,0.997000,351.137931,0.997000,351.137931,1.034921,1,1
2026-05-05 13:00:01,58,no_attack,3,0.974000,655.517241,0.974000,655.517241,1.032957,1,1
2026-05-05 13:00:01,58,no_attack,4,1.026000,535.931034,1.026000,535.931034,1.030626,1,1
2026-05-05 13:00:01,58,no_attack,5,1.012000,357.448276,1.012000,357.448276,1.032053,1,1
2026-05-05 13:00:05,59,no_attack,1,0.957000,386.827586,0.957000,386.827586,1.033248,1,1
2026-05-05 13:00:05,59,no_attack,2,0.977000,405.655172,0.977000,405.655172,1.037682,1,1
2026-05-05 13:00:05,59,no_attack,3,1.004000,257.068966,1.004000,257.068966,1.034092,1,1
2026-05-05 13:00:05,59,no_attack,4,0.973000,700.689655,0.973000,700.689655,1.031916,1,1
2026-05-05 13:00:05,59,no_attack,5,1.020000,197.448276,1.020000,197.448276,1.033541,1,1
2026-05-05 13:00:09,60,no_attack,1,0.990000,571.724138,0.990000,571.724138,1.036355,1,1
2026-05-05 13:00:09,60,no_attack,2,0.991000,312.931034,0.991000,312.931034,1.040015,1,1
2026-05-05 13:00:09,60,no_attack,3,0.992000,849.517241,0.992000,849.517241,1.036042,1,1
2026-05-05 13:00:09,60,no_attack,4,1.008000,677.379310,1.008000,677.379310,1.032865,1,1
2026-05-05 13:00:09,60,no_attack,5,1.035000,711.137931,1.035000,711.137931,1.034941,1,1
2026-05-05 13:00:13,61,no_attack,1,0.988000,158.931034,0.988000,158.931034,1.036612,1,1
2026-05-05 13:00:13,61,no_attack,2,0.985000,738.206897,0.985000,738.206897,1.040216,1,1
2026-05-05 13:00:13,61,no_attack,3,1.035000,849.758621,1.035000,849.758621,1.033959,1,1
2026-05-05 13:00:13,61,no_attack,4,0.991000,728.620690,0.991000,728.620690,1.030176,1,1
2026-05-05 13:00:13,61,no_attack,5,1.004000,609.862069,1.004000,609.862069,1.032112,1,1
2026-05-05 13:00:17,62,no_attack,1,0.988000,158.931034,0.988000,158.931034,1.039742,1,1
2026-05-05 13:00:17,62,no_attack,2,0.985000,738.206897,0.985000,738.206897,1.038143,1,1
2026-05-05 13:00:17,62,no_attack,3,1.035000,849.758621,1.035000,849.758621,1.031623,1,1
2026-05-05 13:00:17,62,no_attack,4,0.991000,728.620690,0.991000,728.620690,1.028227,1,1
2026-05-05 13:00:17,62,no_attack,5,0.996000,250.724138,0.996000,250.724138,1.030229,1,1
2026-05-05 13:00:21,63,no_attack,1,0.972000,329.103448,0.972000,329.103448,1.041816,1,1
2026-05-05 13:00:21,63,no_attack,2,0.993000,175.793103,0.993000,175.793103,1.037172,1,1
2026-05-05 13:00:21,63,no_attack,3,0.983000,681.758621,0.983000,681.758621,1.030945,1,1
2026-05-05 13:00:21,63,no_attack,4,0.990000,281.103448,0.990000,281.103448,1.028670,1,1
2026-05-05 13:00:21,63,no_attack,5,0.996000,250.724138,0.996000,250.724138,1.030983,1,1
2026-05-05 13:00:25,64,no_attack,1,1.012000,171.000000,1.012000,171.000000,1.042384,1,1
2026-05-05 13:00:25,64,no_attack,2,0.989000,589.275862,0.989000,589.275862,1.040640,1,1
2026-05-05 13:00:25,64,no_attack,3,0.952000,674.724138,0.952000,674.724138,1.033843,1,1
2026-05-05 13:00:25,64,no_attack,4,0.963000,523.758621,0.963000,523.758621,1.032799,1,1
2026-05-05 13:00:25,64,no_attack,5,0.955000,462.517241,0.955000,462.517241,1.034827,1,1
2026-05-05 13:00:29,65,no_attack,1,1.012000,171.000000,1.012000,171.000000,1.043513,1,1
2026-05-05 13:00:29,65,no_attack,2,0.989000,589.275862,0.989000,589.275862,1.040140,1,1
2026-05-05 13:00:29,65,no_attack,3,0.952000,674.724138,0.952000,674.724138,1.033815,1,1
2026-05-05 13:00:29,65,no_attack,4,0.963000,523.758621,0.963000,523.758621,1.032725,1,1
2026-05-05 13:00:29,65,no_attack,5,0.955000,462.517241,0.955000,462.517241,1.034674,1,1
2026-05-05 13:00:33,66,no_attack,1,0.971000,413.793103,0.971000,413.793103,1.044238,1,1
2026-05-05 13:00:33,66,no_attack,2,1.026000,430.482759,1.026000,430.482759,1.039809,1,1
2026-05-05 13:00:33,66,no_attack,3,1.025000,767.758621,1.025000,767.758621,1.033793,1,1
2026-05-05 13:00:33,66,no_attack,4,0.975000,220.482759,0.975000,220.482759,1.032672,1,1
2026-05-05 13:00:33,66,no_attack,5,0.951000,592.482759,0.951000,592.482759,1.034570,1,1
2026-05-05 13:00:37,67,no_attack,1,1.049000,399.517241,1.049000,399.517241,1.043151,1,1
2026-05-05 13:00:37,67,no_attack,2,1.014000,737.379310,1.014000,737.379310,1.040367,1,1
2026-05-05 13:00:37,67,no_attack,3,1.014000,716.965517,1.014000,716.965517,1.034210,1,1
2026-05-05 13:00:37,67,no_attack,4,1.044000,291.482759,1.044000,291.482759,1.034196,1,1
2026-05-05 13:00:37,67,no_attack,5,0.952000,282.310345,0.952000,282.310345,1.035623,1,1
2026-05-05 13:00:41,68,no_attack,1,0.962000,688.931034,0.962000,688.931034,1.042225,1,1
2026-05-05 13:00:41,68,no_attack,2,1.006000,316.758621,1.006000,316.758621,1.039288,1,1
2026-05-05 13:00:41,68,no_attack,3,1.018000,723.103448,1.018000,723.103448,1.034478,1,1
2026-05-05 13:00:41,68,no_attack,4,0.966000,636.896552,0.966000,636.896552,1.035831,1,1
2026-05-05 13:00:41,68,no_attack,5,1.024000,234.103448,1.024000,234.103448,1.037258,1,1
2026-05-05 13:00:45,69,no_attack,1,0.962000,688.931034,0.962000,688.931034,1.039911,1,1
2026-05-05 13:00:45,69,no_attack,2,1.006000,316.758621,1.006000,316.758621,1.040490,1,1
2026-05-05 13:00:45,69,no_attack,3,1.018000,723.103448,1.018000,723.103448,1.034681,1,1
2026-05-05 13:00:45,69,no_attack,4,0.966000,636.896552,0.966000,636.896552,1.035067,1,1
2026-05-05 13:00:45,69,no_attack,5,1.024000,234.103448,1.024000,234.103448,1.036869,1,1
2026-05-05 13:00:49,70,no_attack,1,1.031000,860.931034,1.031000,860.931034,1.038370,1,1
2026-05-05 13:00:49,70,no_attack,2,0.960000,179.137931,0.960000,179.137931,1.041248,1,1
2026-05-05 13:00:49,70,no_attack,3,0.981000,682.034483,0.981000,682.034483,1.034795,1,1
2026-05-05 13:00:49,70,no_attack,4,1.045000,435.172414,1.045000,435.172414,1.034550,1,1
2026-05-05 13:00:49,70,no_attack,5,1.020000,206.068966,1.020000,206.068966,1.036596,1,1
2026-05-05 13:00:53,71,no_attack,1,1.018000,619.172414,1.018000,619.172414,1.035723,1,1
2026-05-05 13:00:53,71,no_attack,2,0.960000,772.517241,0.960000,772.517241,1.042808,1,1
2026-05-05 13:00:53,71,no_attack,3,1.035000,589.862069,1.035000,589.862069,1.035969,1,1
2026-05-05 13:00:53,71,no_attack,4,0.962000,938.551724,0.962000,938.551724,1.035698,1,1
2026-05-05 13:00:53,71,no_attack,5,1.028000,405.896552,1.028000,405.896552,1.037731,1,1
2026-05-05 13:00:57,72,no_attack,1,0.992000,438.344828,0.992000,438.344828,1.035569,1,1
2026-05-05 13:00:57,72,no_attack,2,1.000000,412.586207,1.000000,412.586207,1.040012,1,1
2026-05-05 13:00:57,72,no_attack,3,1.034000,753.448276,1.034000,753.448276,1.033973,1,1
2026-05-05 13:00:57,72,no_attack,4,0.960000,921.758621,0.960000,921.758621,1.032056,1,1
2026-05-05 13:00:57,72,no_attack,5,1.012000,774.172414,1.012000,774.172414,1.034427,1,1
2026-05-05 13:01:01,73,no_attack,1,1.020000,474.862069,1.020000,474.862069,1.035569,1,1
2026-05-05 13:01:01,73,no_attack,2,1.022000,868.655172,1.022000,868.655172,1.040012,1,1
2026-05-05 13:01:01,73,no_attack,3,0.977000,787.103448,0.977000,787.103448,1.033973,1,1
2026-05-05 13:01:01,73,no_attack,4,1.002000,519.310345,1.002000,519.310345,1.032056,1,1
2026-05-05 13:01:01,73,no_attack,5,0.993000,714.758621,0.993000,714.758621,1.034427,1,1
2026-05-05 13:01:05,74,no_attack,1,0.976000,821.241379,0.976000,821.241379,1.036540,1,1
2026-05-05 13:01:05,74,no_attack,2,1.033000,211.655172,1.033000,211.655172,1.037284,1,1
2026-05-05 13:01:05,74,no_attack,3,1.038000,326.103448,1.038000,326.103448,1.032074,1,1
2026-05-05 13:01:05,74,no_attack,4,0.996000,620.275862,0.996000,620.275862,1.030595,1,1
2026-05-05 13:01:05,74,no_attack,5,0.987000,176.551724,0.987000,176.551724,1.032538,1,1
2026-05-05 13:01:09,75,no_attack,1,0.976000,821.241379,0.976000,821.241379,1.035195,1,1
2026-05-05 13:01:09,75,no_attack,2,1.033000,211.655172,1.033000,211.655172,1.040501,1,1
2026-05-05 13:01:09,75,no_attack,3,1.038000,326.103448,1.038000,326.103448,1.035097,1,1
2026-05-05 13:01:09,75,no_attack,4,0.996000,620.275862,0.996000,620.275862,1.032705,1,1
2026-05-05 13:01:09,75,no_attack,5,0.987000,176.551724,0.987000,176.551724,1.034894,1,1
2026-05-05 13:01:13,76,no_attack,1,1.035000,281.344828,1.035000,281.344828,1.034281,1,1
2026-05-05 13:01:13,76,no_attack,2,0.971000,783.655172,0.971000,783.655172,1.042484,1,1
2026-05-05 13:01:13,76,no_attack,3,0.984000,837.379310,0.984000,837.379310,1.036882,1,1
2026-05-05 13:01:13,76,no_attack,4,1.020000,356.103448,1.020000,356.103448,1.033870,1,1
2026-05-05 13:01:13,76,no_attack,5,0.951000,920.793103,0.951000,920.793103,1.036224,1,1
2026-05-05 13:01:17,77,no_attack,1,0.958000,732.137931,0.958000,732.137931,1.037303,1,1
2026-05-05 13:01:17,77,no_attack,2,0.998000,731.689655,0.998000,731.689655,1.039797,1,1
2026-05-05 13:01:17,77,no_attack,3,1.018000,633.137931,1.018000,633.137931,1.034335,1,1
2026-05-05 13:01:17,77,no_attack,4,0.999000,758.068966,0.999000,758.068966,1.032351,1,1
2026-05-05 13:01:17,77,no_attack,5,0.959000,335.206897,0.959000,335.206897,1.033997,1,1
2026-05-05 13:01:21,78,no_attack,1,1.018000,378.827586,1.018000,378.827586,1.036105,1,1
2026-05-05 13:01:21,78,no_attack,2,1.008000,509.379310,1.008000,509.379310,1.038259,1,1
2026-05-05 13:01:21,78,no_attack,3,1.002000,475.620690,1.002000,475.620690,1.033354,1,1
2026-05-05 13:01:21,78,no_attack,4,1.024000,395.137931,1.024000,395.137931,1.031217,1,1
2026-05-05 13:01:21,78,no_attack,5,1.020000,352.034483,1.020000,352.034483,1.033239,1,1
2026-05-05 13:01:25,79,no_attack,1,0.975000,250.793103,0.975000,250.793103,1.038014,1,1
2026-05-05 13:01:25,79,no_attack,2,0.969000,251.448276,0.969000,251.448276,1.039513,1,1
2026-05-05 13:01:25,79,no_attack,3,1.002000,731.310345,1.002000,731.310345,1.034925,1,1
2026-05-05 13:01:25,79,no_attack,4,0.968000,327.931034,0.968000,327.931034,1.033303,1,1
2026-05-05 13:01:25,79,no_attack,5,0.998000,706.344828,0.998000,706.344828,1.035184,1,1
2026-05-05 13:01:29,80,no_attack,1,1.047000,527.586207,1.047000,527.586207,1.040316,1,1
2026-05-05 13:01:29,80,no_attack,2,0.978000,234.310345,0.978000,234.310345,1.041151,1,1
2026-05-05 13:01:29,80,no_attack,3,0.969000,336.344828,0.969000,336.344828,1.034894,1,1
2026-05-05 13:01:29,80,no_attack,4,0.967000,168.724138,0.967000,168.724138,1.033307,1,1
2026-05-05 13:01:29,80,no_attack,5,1.002000,360.551724,1.002000,360.551724,1.034761,1,1
2026-05-05 13:01:33,81,no_attack,1,1.047000,527.586207,1.047000,527.586207,1.039660,1,1
2026-05-05 13:01:33,81,no_attack,2,0.978000,234.310345,0.978000,234.310345,1.043342,1,1
2026-05-05 13:01:33,81,no_attack,3,0.969000,336.344828,0.969000,336.344828,1.037467,1,1
2026-05-05 13:01:33,81,no_attack,4,0.967000,168.724138,0.967000,168.724138,1.036318,1,1
2026-05-05 13:01:33,81,no_attack,5,1.002000,360.551724,1.002000,360.551724,1.037580,1,1
2026-05-05 13:01:37,82,no_attack,1,1.047000,548.620690,1.047000,548.620690,1.039214,1,1
2026-05-05 13:01:37,82,no_attack,2,1.018000,244.034483,1.018000,244.034483,1.044686,1,1
2026-05-05 13:01:37,82,no_attack,3,1.036000,508.241379,1.036000,508.241379,1.038986,1,1
2026-05-05 13:01:37,82,no_attack,4,1.037000,569.206897,1.037000,569.206897,1.038074,1,1
2026-05-05 13:01:37,82,no_attack,5,0.996000,490.000000,0.996000,490.000000,1.039218,1,1
2026-05-05 13:01:41,83,no_attack,1,0.968000,197.965517,0.968000,197.965517,1.038575,1,1
2026-05-05 13:01:41,83,no_attack,2,1.044000,495.103448,1.044000,495.103448,1.044541,1,1
2026-05-05 13:01:41,83,no_attack,3,1.032000,443.896552,1.032000,443.896552,1.038039,1,1
2026-05-05 13:01:41,83,no_attack,4,0.957000,660.793103,0.957000,660.793103,1.035884,1,1
2026-05-05 13:01:41,83,no_attack,5,0.955000,278.793103,0.955000,278.793103,1.037304,1,1
2026-05-05 13:01:45,84,no_attack,1,1.006000,381.896552,1.006000,381.896552,1.041013,1,1
2026-05-05 13:01:45,84,no_attack,2,1.049000,231.448276,1.049000,231.448276,1.043340,1,1
2026-05-05 13:01:45,84,no_attack,3,1.026000,599.172414,1.026000,599.172414,1.037273,1,1
2026-05-05 13:01:45,84,no_attack,4,1.029000,315.517241,1.029000,315.517241,1.034734,1,1
2026-05-05 13:01:45,84,no_attack,5,1.002000,495.068966,1.002000,495.068966,1.036581,1,1
2026-05-05 13:01:49,85,no_attack,1,0.994000,813.310345,0.994000,813.310345,1.041253,1,1
2026-05-05 13:01:49,85,no_attack,2,1.049000,367.482759,1.049000,367.482759,1.043894,1,1
2026-05-05 13:01:49,85,no_attack,3,1.012000,610.172414,1.012000,610.172414,1.037150,1,1
2026-05-05 13:01:49,85,no_attack,4,1.024000,854.827586,1.024000,854.827586,1.035120,1,1
2026-05-05 13:01:49,85,no_attack,5,0.970000,322.931034,0.970000,322.931034,1.036716,1,1
2026-05-05 13:01:53,86,no_attack,1,0.994000,813.310345,0.994000,813.310345,1.038026,1,1
2026-05-05 13:01:53,86,no_attack,2,1.049000,367.482759,1.049000,367.482759,1.042886,1,1
2026-05-05 13:01:53,86,no_attack,3,1.012000,610.172414,1.012000,610.172414,1.035997,1,1
2026-05-05 13:01:53,86,no_attack,4,1.024000,854.827586,1.024000,854.827586,1.032834,1,1
2026-05-05 13:01:53,86,no_attack,5,0.970000,322.931034,0.970000,322.931034,1.034963,1,1
2026-05-05 13:01:57,87,no_attack,1,1.016000,268.034483,1.016000,268.034483,1.035866,1,1
2026-05-05 13:01:57,87,no_attack,2,0.967000,216.862069,0.967000,216.862069,1.042127,1,1
2026-05-05 13:01:57,87,no_attack,3,0.950000,522.137931,0.950000,522.137931,1.035067,1,1
2026-05-05 13:01:57,87,no_attack,4,1.008000,371.206897,1.008000,371.206897,1.031103,1,1
2026-05-05 13:01:57,87,no_attack,5,0.973000,710.862069,0.973000,710.862069,1.033588,1,1
2026-05-05 13:02:01,88,no_attack,1,1.020000,488.931034,1.020000,488.931034,1.038762,1,1
2026-05-05 13:02:01,88,no_attack,2,1.018000,841.517241,1.018000,841.517241,1.043323,1,1
2026-05-05 13:02:01,88,no_attack,3,1.028000,611.724138,1.028000,611.724138,1.035713,1,1
2026-05-05 13:02:01,88,no_attack,4,1.016000,851.000000,1.016000,851.000000,1.031783,1,1
2026-05-05 13:02:01,88,no_attack,5,0.992000,572.206897,0.992000,572.206897,1.033715,1,1
2026-05-05 13:02:05,89,no_attack,1,1.014000,833.137931,1.014000,833.137931,1.038485,1,1
2026-05-05 13:02:05,89,no_attack,2,1.032000,200.448276,1.032000,200.448276,1.039662,1,1
2026-05-05 13:02:05,89,no_attack,3,0.966000,400.551724,0.966000,400.551724,1.033322,1,1
2026-05-05 13:02:05,89,no_attack,4,1.024000,572.448276,1.024000,572.448276,1.029018,1,1
2026-05-05 13:02:05,89,no_attack,5,0.978000,252.724138,0.978000,252.724138,1.031173,1,1
2026-05-05 13:02:09,90,no_attack,1,1.018000,673.586207,1.018000,673.586207,1.036108,1,1
2026-05-05 13:02:09,90,no_attack,2,1.044000,511.620690,1.044000,511.620690,1.041898,1,1
2026-05-05 13:02:09,90,no_attack,3,0.999000,214.034483,0.999000,214.034483,1.035557,1,1
2026-05-05 13:02:09,90,no_attack,4,0.953000,505.344828,0.953000,505.344828,1.031399,1,1
2026-05-05 13:02:09,90,no_attack,5,0.982000,349.724138,0.982000,349.724138,1.033635,1,1
2026-05-05 13:02:13,91,no_attack,1,0.959000,924.034483,0.959000,924.034483,1.035679,1,1
2026-05-05 13:02:13,91,no_attack,2,1.033000,572.068966,1.033000,572.068966,1.041927,1,1
2026-05-05 13:02:13,91,no_attack,3,1.045000,875.517241,1.045000,875.517241,1.037037,1,1
2026-05-05 13:02:13,91,no_attack,4,1.016000,352.034483,1.016000,352.034483,1.033258,1,1
2026-05-05 13:02:13,91,no_attack,5,0.954000,764.551724,0.954000,764.551724,1.035356,1,1
2026-05-05 13:02:17,92,no_attack,1,0.959000,924.034483,0.959000,924.034483,1.033623,1,1
2026-05-05 13:02:17,92,no_attack,2,1.033000,572.068966,1.033000,572.068966,1.040050,1,1
2026-05-05 13:02:17,92,no_attack,3,1.045000,875.517241,1.045000,875.517241,1.034808,1,1
2026-05-05 13:02:17,92,no_attack,4,1.016000,352.034483,1.016000,352.034483,1.032742,1,1
2026-05-05 13:02:17,92,no_attack,5,0.954000,764.551724,0.954000,764.551724,1.034268,1,1
2026-05-05 13:02:21,93,no_attack,1,0.997000,651.413793,0.997000,651.413793,1.032252,1,1
2026-05-05 13:02:21,93,no_attack,2,1.041000,279.344828,1.041000,279.344828,1.038714,1,1
2026-05-05 13:02:21,93,no_attack,3,1.008000,631.344828,1.008000,631.344828,1.033134,1,1
2026-05-05 13:02:21,93,no_attack,4,0.999000,222.310345,0.999000,222.310345,1.032131,1,1
2026-05-05 13:02:21,93,no_attack,5,0.984000,413.068966,0.984000,413.068966,1.033292,1,1
2026-05-05 13:02:25,94,no_attack,1,1.016000,793.310345,1.016000,793.310345,1.033599,1,1
2026-05-05 13:02:25,94,no_attack,2,0.982000,693.448276,0.982000,693.448276,1.040914,1,1
2026-05-05 13:02:25,94,no_attack,3,0.978000,892.413793,0.978000,892.413793,1.035213,1,1
2026-05-05 13:02:25,94,no_attack,4,1.031000,554.724138,1.031000,554.724138,1.035098,1,1
2026-05-05 13:02:25,94,no_attack,5,0.995000,394.241379,0.995000,394.241379,1.036155,1,1
2026-05-05 13:02:29,95,no_attack,1,0.982000,908.620690,0.982000,908.620690,1.032883,1,1
2026-05-05 13:02:29,95,no_attack,2,0.990000,550.310345,0.990000,550.310345,1.038964,1,1
2026-05-05 13:02:29,95,no_attack,3,1.048000,623.724138,1.048000,623.724138,1.033514,1,1
2026-05-05 13:02:29,95,no_attack,4,1.004000,465.758621,1.004000,465.758621,1.033703,1,1
2026-05-05 13:02:29,95,no_attack,5,0.968000,442.310345,0.968000,442.310345,1.035059,1,1
2026-05-05 13:02:33,96,no_attack,1,1.025000,613.827586,1.025000,613.827586,1.031835,1,1
2026-05-05 13:02:33,96,no_attack,2,1.025000,300.000000,1.025000,300.000000,1.038955,1,1
2026-05-05 13:02:33,96,no_attack,3,1.004000,855.931034,1.004000,855.931034,1.033848,1,1
2026-05-05 13:02:33,96,no_attack,4,0.993000,689.413793,0.993000,689.413793,1.033872,1,1
2026-05-05 13:02:33,96,no_attack,5,0.962000,930.034483,0.962000,930.034483,1.035280,1,1
2026-05-05 13:02:37,97,no_attack,1,1.025000,613.827586,1.025000,613.827586,1.033131,1,1
2026-05-05 13:02:37,97,no_attack,2,1.025000,300.000000,1.025000,300.000000,1.039252,1,1
2026-05-05 13:02:37,97,no_attack,3,1.004000,855.931034,1.004000,855.931034,1.031999,1,1
2026-05-05 13:02:37,97,no_attack,4,0.993000,689.413793,0.993000,689.413793,1.029924,1,1
2026-05-05 13:02:37,97,no_attack,5,0.962000,930.034483,0.962000,930.034483,1.031310,1,1
2026-05-05 13:02:41,98,no_attack,1,1.010000,331.448276,1.010000,331.448276,1.033960,1,1
2026-05-05 13:02:41,98,no_attack,2,0.965000,592.965517,0.965000,592.965517,1.039404,1,1
2026-05-05 13:02:41,98,no_attack,3,1.004000,222.482759,1.004000,222.482759,1.030730,1,1
2026-05-05 13:02:41,98,no_attack,4,1.049000,809.068966,1.049000,809.068966,1.027268,1,1
2026-05-05 13:02:41,98,no_attack,5,0.996000,243.068966,0.996000,243.068966,1.028640,1,1
2026-05-05 13:02:45,99,no_attack,1,1.033000,515.551724,1.033000,515.551724,1.033960,1,1
2026-05-05 13:02:45,99,no_attack,2,1.020000,529.241379,1.020000,529.241379,1.039404,1,1
2026-05-05 13:02:45,99,no_attack,3,0.977000,807.551724,0.977000,807.551724,1.030730,1,1
2026-05-05 13:02:45,99,no_attack,4,1.048000,322.931034,1.048000,322.931034,1.027268,1,1
2026-05-05 13:02:45,99,no_attack,5,1.004000,442.862069,1.004000,442.862069,1.028640,1,1
2026-05-05 13:02:49,100,no_attack,1,1.042000,518.310345,1.042000,518.310345,1.036951,1,1
2026-05-05 13:02:49,100,no_attack,2,1.037000,781.931034,1.037000,781.931034,1.039935,1,1
2026-05-05 13:02:49,100,no_attack,3,0.977000,772.413793,0.977000,772.413793,1.033063,1,1
2026-05-05 13:02:49,100,no_attack,4,0.991000,872.586207,0.991000,872.586207,1.028479,1,1
2026-05-05 13:02:49,100,no_attack,5,1.000000,777.827586,1.000000,777.827586,1.030541,1,1
2026-05-05 13:02:53,101,no_attack,1,0.978000,388.724138,0.978000,388.724138,1.036890,1,1
2026-05-05 13:02:53,101,no_attack,2,1.008000,906.586207,1.008000,906.586207,1.037003,1,1
2026-05-05 13:02:53,101,no_attack,3,0.998000,266.137931,0.998000,266.137931,1.030302,1,1
2026-05-05 13:02:53,101,no_attack,4,1.002000,414.206897,1.002000,414.206897,1.025194,1,1
2026-05-05 13:02:53,101,no_attack,5,1.004000,564.137931,1.004000,564.137931,1.027293,1,1
2026-05-05 13:02:57,102,no_attack,1,0.995000,399.758621,0.995000,399.758621,1.038338,1,1
2026-05-05 13:02:57,102,no_attack,2,0.968000,706.586207,0.968000,706.586207,1.036545,1,1
2026-05-05 13:02:57,102,no_attack,3,1.006000,328.344828,1.006000,328.344828,1.032430,1,1
2026-05-05 13:02:57,102,no_attack,4,1.027000,180.862069,1.027000,180.862069,1.028559,1,1
2026-05-05 13:02:57,102,no_attack,5,1.024000,673.965517,1.024000,673.965517,1.030321,1,1
2026-05-05 13:03:01,103,no_attack,1,0.995000,399.758621,0.995000,399.758621,1.039274,1,1
2026-05-05 13:03:01,103,no_attack,2,0.968000,706.586207,0.968000,706.586207,1.037653,1,1
2026-05-05 13:03:01,103,no_attack,3,1.006000,328.344828,1.006000,328.344828,1.034482,1,1
2026-05-05 13:03:01,103,no_attack,4,1.027000,180.862069,1.027000,180.862069,1.031862,1,1
2026-05-05 13:03:01,103,no_attack,5,1.024000,673.965517,1.024000,673.965517,1.033062,1,1
2026-05-05 13:03:05,104,no_attack,1,1.031000,433.517241,1.031000,433.517241,1.039872,1,1
2026-05-05 13:03:05,104,no_attack,2,1.016000,766.034483,1.016000,766.034483,1.038329,1,1
2026-05-05 13:03:05,104,no_attack,3,1.048000,506.034483,1.048000,506.034483,1.035724,1,1
2026-05-05 13:03:05,104,no_attack,4,0.953000,561.689655,0.953000,561.689655,1.033876,1,1
2026-05-05 13:03:05,104,no_attack,5,1.008000,808.620690,1.008000,808.620690,1.034718,1,1
2026-05-05 13:03:09,105,no_attack,1,1.037000,470.793103,1.037000,470.793103,1.039662,1,1
2026-05-05 13:03:09,105,no_attack,2,1.002000,499.758621,1.002000,499.758621,1.037177,1,1
2026-05-05 13:03:09,105,no_attack,3,1.022000,455.137931,1.022000,455.137931,1.034197,1,1
2026-05-05 13:03:09,105,no_attack,4,1.014000,266.137931,1.014000,266.137931,1.031727,1,1
2026-05-05 13:03:09,105,no_attack,5,0.996000,894.551724,0.996000,894.551724,1.032623,1,1
2026-05-05 13:03:13,106,no_attack,1,0.983000,692.103448,0.983000,692.103448,1.039427,1,1
2026-05-05 13:03:13,106,no_attack,2,1.014000,790.413793,1.014000,790.413793,1.038467,1,1
2026-05-05 13:03:13,106,no_attack,3,1.035000,780.517241,1.035000,780.517241,1.034741,1,1
2026-05-05 13:03:13,106,no_attack,4,0.988000,398.862069,0.988000,398.862069,1.032207,1,1
2026-05-05 13:03:13,106,no_attack,5,1.020000,716.137931,1.020000,716.137931,1.032791,1,1
2026-05-05 13:03:17,107,no_attack,1,0.983000,692.103448,0.983000,692.103448,1.037604,1,1
2026-05-05 13:03:17,107,no_attack,2,1.014000,790.413793,1.014000,790.413793,1.036765,1,1
2026-05-05 13:03:17,107,no_attack,3,1.035000,780.517241,1.035000,780.517241,1.032990,1,1
2026-05-05 13:03:17,107,no_attack,4,0.988000,398.862069,0.988000,398.862069,1.031598,1,1
2026-05-05 13:03:17,107,no_attack,5,1.020000,716.137931,1.020000,716.137931,1.032201,1,1
2026-05-05 13:03:21,108,no_attack,1,1.037000,173.448276,1.037000,173.448276,1.036395,1,1
2026-05-05 13:03:21,108,no_attack,2,0.956000,662.551724,0.956000,662.551724,1.035587,1,1
2026-05-05 13:03:21,108,no_attack,3,1.042000,876.448276,1.042000,876.448276,1.031719,1,1
2026-05-05 13:03:21,108,no_attack,4,1.024000,471.931034,1.024000,471.931034,1.031047,1,1
2026-05-05 13:03:21,108,no_attack,5,0.959000,662.551724,0.959000,662.551724,1.031665,1,1
2026-05-05 13:03:25,109,no_attack,1,1.037000,173.448276,1.037000,173.448276,1.039531,1,1
2026-05-05 13:03:25,109,no_attack,2,0.956000,662.551724,0.956000,662.551724,1.035972,1,1
2026-05-05 13:03:25,109,no_attack,3,1.042000,876.448276,1.042000,876.448276,1.031017,1,1
2026-05-05 13:03:25,109,no_attack,4,1.024000,471.931034,1.024000,471.931034,1.030579,1,1
2026-05-05 13:03:25,109,no_attack,5,0.959000,662.551724,0.959000,662.551724,1.031431,1,1
2026-05-05 13:03:30,110,no_attack,1,1.037000,473.344828,1.037000,473.344828,1.041518,1,1
2026-05-05 13:03:30,110,no_attack,2,1.018000,825.620690,1.018000,825.620690,1.036177,1,1
2026-05-05 13:03:30,110,no_attack,3,0.954000,795.965517,0.954000,795.965517,1.030510,1,1
2026-05-05 13:03:30,110,no_attack,4,0.979000,447.724138,0.979000,447.724138,1.030222,1,1
2026-05-05 13:03:30,110,no_attack,5,0.964000,578.206897,0.964000,578.206897,1.031224,1,1
2026-05-05 13:03:34,111,no_attack,1,1.006000,752.103448,1.006000,752.103448,1.040437,1,1
2026-05-05 13:03:34,111,no_attack,2,0.966000,220.034483,0.966000,220.034483,1.035356,1,1
2026-05-05 13:03:34,111,no_attack,3,1.037000,602.896552,1.037000,602.896552,1.030576,1,1
2026-05-05 13:03:34,111,no_attack,4,0.974000,871.413793,0.974000,871.413793,1.030780,1,1
2026-05-05 13:03:34,111,no_attack,5,0.964000,522.965517,0.964000,522.965517,1.031854,1,1
2026-05-05 13:03:38,112,no_attack,1,0.975000,356.068966,0.975000,356.068966,1.037934,1,1
2026-05-05 13:03:38,112,no_attack,2,0.950000,805.827586,0.950000,805.827586,1.038092,1,1
2026-05-05 13:03:38,112,no_attack,3,1.040000,643.586207,1.040000,643.586207,1.031510,1,1
2026-05-05 13:03:38,112,no_attack,4,0.965000,506.827586,0.965000,506.827586,1.029086,1,1
2026-05-05 13:03:38,112,no_attack,5,0.984000,610.137931,0.984000,610.137931,1.030730,1,1
2026-05-05 13:03:42,113,no_attack,1,1.012000,469.655172,1.012000,469.655172,1.039229,1,1
2026-05-05 13:03:42,113,no_attack,2,0.975000,817.758621,0.975000,817.758621,1.037197,1,1
2026-05-05 13:03:42,113,no_attack,3,0.969000,459.793103,0.969000,459.793103,1.031560,1,1
2026-05-05 13:03:42,113,no_attack,4,0.998000,334.034483,0.998000,334.034483,1.029696,1,1
2026-05-05 13:03:42,113,no_attack,5,1.006000,586.758621,1.006000,586.758621,1.031231,1,1
2026-05-05 13:03:46,114,no_attack,1,1.049000,360.000000,1.049000,360.000000,1.039166,1,1
2026-05-05 13:03:46,114,no_attack,2,1.047000,624.758621,1.047000,624.758621,1.037034,1,1
2026-05-05 13:03:46,114,no_attack,3,0.977000,597.689655,0.977000,597.689655,1.032946,1,1
2026-05-05 13:03:46,114,no_attack,4,1.018000,707.413793,1.018000,707.413793,1.031691,1,1
2026-05-05 13:03:46,114,no_attack,5,0.954000,644.137931,0.954000,644.137931,1.032973,1,1
2026-05-05 13:03:50,115,no_attack,1,1.049000,360.000000,1.049000,360.000000,1.039776,1,1
2026-05-05 13:03:50,115,no_attack,2,1.047000,624.758621,1.047000,624.758621,1.036925,1,1
2026-05-05 13:03:50,115,no_attack,3,0.977000,597.689655,0.977000,597.689655,1.032303,1,1
2026-05-05 13:03:50,115,no_attack,4,1.018000,707.413793,1.018000,707.413793,1.029782,1,1
2026-05-05 13:03:50,115,no_attack,5,0.954000,644.137931,0.954000,644.137931,1.031343,1,1
2026-05-05 13:03:54,116,no_attack,1,0.999000,842.482759,0.999000,842.482759,1.040169,1,1
2026-05-05 13:03:54,116,no_attack,2,0.978000,778.551724,0.978000,778.551724,1.036848,1,1
2026-05-05 13:03:54,116,no_attack,3,1.010000,416.827586,1.010000,416.827586,1.031875,1,1
2026-05-05 13:03:54,116,no_attack,4,1.012000,617.689655,1.012000,617.689655,1.028525,1,1
2026-05-05 13:03:54,116,no_attack,5,1.016000,690.172414,1.016000,690.172414,1.030269,1,1
2026-05-05 13:03:58,117,no_attack,1,1.014000,779.586207,1.014000,779.586207,1.036857,1,1
2026-05-05 13:03:58,117,no_attack,2,1.012000,830.965517,1.012000,830.965517,1.036217,1,1
2026-05-05 13:03:58,117,no_attack,3,1.014000,382.586207,1.014000,382.586207,1.031990,1,1
2026-05-05 13:03:58,117,no_attack,4,0.994000,598.172414,0.994000,598.172414,1.028156,1,1
2026-05-05 13:03:58,117,no_attack,5,1.022000,216.275862,1.022000,216.275862,1.029801,1,1
2026-05-05 13:04:02,118,no_attack,1,0.979000,737.827586,0.979000,737.827586,1.035181,1,1
2026-05-05 13:04:02,118,no_attack,2,0.967000,261.827586,0.967000,261.827586,1.036028,1,1
2026-05-05 13:04:02,118,no_attack,3,1.002000,890.068966,1.002000,890.068966,1.033302,1,1
2026-05-05 13:04:02,118,no_attack,4,1.002000,846.724138,1.002000,846.724138,1.030517,1,1
2026-05-05 13:04:02,118,no_attack,5,1.033000,337.413793,1.033000,337.413793,1.032416,1,1
2026-05-05 13:04:06,119,no_attack,1,1.032000,503.724138,1.032000,503.724138,1.034705,1,1
2026-05-05 13:04:06,119,no_attack,2,1.030000,700.517241,1.030000,700.517241,1.037970,1,1
2026-05-05 13:04:06,119,no_attack,3,0.983000,244.344828,0.983000,244.344828,1.032469,1,1
2026-05-05 13:04:06,119,no_attack,4,1.046000,248.413793,1.046000,248.413793,1.029145,1,1
2026-05-05 13:04:06,119,no_attack,5,1.046000,772.586207,1.046000,772.586207,1.031438,1,1
2026-05-05 13:04:10,120,no_attack,1,1.032000,503.724138,1.032000,503.724138,1.035929,1,1
2026-05-05 13:04:10,120,no_attack,2,1.030000,700.517241,1.030000,700.517241,1.038221,1,1
2026-05-05 13:04:10,120,no_attack,3,0.983000,244.344828,0.983000,244.344828,1.034272,1,1
2026-05-05 13:04:10,120,no_attack,4,1.046000,248.413793,1.046000,248.413793,1.031285,1,1
2026-05-05 13:04:10,120,no_attack,5,1.046000,772.586207,1.046000,772.586207,1.032815,1,1
2026-05-05 13:04:14,121,no_attack,1,1.022000,880.275862,1.022000,880.275862,1.036714,1,1
2026-05-05 13:04:14,121,no_attack,2,1.046000,732.034483,1.046000,732.034483,1.038355,1,1
2026-05-05 13:04:14,121,no_attack,3,0.986000,765.931034,0.986000,765.931034,1.035387,1,1
2026-05-05 13:04:14,121,no_attack,4,0.951000,590.517241,0.951000,590.517241,1.032602,1,1
2026-05-05 13:04:14,121,no_attack,5,0.995000,668.793103,0.995000,668.793103,1.033640,1,1
2026-05-05 13:04:18,122,no_attack,1,1.016000,588.275862,1.016000,588.275862,1.034072,1,1
2026-05-05 13:04:18,122,no_attack,2,1.032000,842.586207,1.032000,842.586207,1.036612,1,1
2026-05-05 13:04:18,122,no_attack,3,0.960000,344.379310,0.960000,344.379310,1.033194,1,1
2026-05-05 13:04:18,122,no_attack,4,0.952000,868.241379,0.952000,868.241379,1.030900,1,1
2026-05-05 13:04:18,122,no_attack,5,1.006000,845.482759,1.006000,845.482759,1.032021,1,1
2026-05-05 13:04:22,123,no_attack,1,0.972000,206.517241,0.972000,206.517241,1.034590,1,1
2026-05-05 13:04:22,123,no_attack,2,1.032000,819.655172,1.032000,819.655172,1.035174,1,1
2026-05-05 13:04:22,123,no_attack,3,0.980000,473.344828,0.980000,473.344828,1.031826,1,1
2026-05-05 13:04:22,123,no_attack,4,0.963000,907.000000,0.963000,907.000000,1.027331,1,1
2026-05-05 13:04:22,123,no_attack,5,0.980000,538.793103,0.980000,538.793103,1.028718,1,1
2026-05-05 13:04:26,124,no_attack,1,0.959000,864.137931,0.959000,864.137931,1.038094,1,1
2026-05-05 13:04:26,124,no_attack,2,0.963000,517.413793,0.963000,517.413793,1.034787,1,1
2026-05-05 13:04:26,124,no_attack,3,1.016000,707.344828,1.016000,707.344828,1.031326,1,1
2026-05-05 13:04:26,124,no_attack,4,1.044000,452.068966,1.044000,452.068966,1.026231,1,1
2026-05-05 13:04:26,124,no_attack,5,1.024000,264.000000,1.024000,264.000000,1.028116,1,1
2026-05-05 13:04:30,125,no_attack,1,0.991000,230.034483,0.991000,230.034483,1.038094,1,1
2026-05-05 13:04:30,125,no_attack,2,0.998000,464.344828,0.998000,464.344828,1.034787,1,1
2026-05-05 13:04:30,125,no_attack,3,1.045000,169.827586,1.045000,169.827586,1.031326,1,1
2026-05-05 13:04:30,125,no_attack,4,0.987000,497.172414,0.987000,497.172414,1.026231,1,1
2026-05-05 13:04:30,125,no_attack,5,1.045000,770.344828,1.045000,770.344828,1.028116,1,1
2026-05-05 13:04:34,126,no_attack,1,0.991000,230.034483,0.991000,230.034483,1.035769,1,1
2026-05-05 13:04:34,126,no_attack,2,0.998000,464.344828,0.998000,464.344828,1.036149,1,1
2026-05-05 13:04:34,126,no_attack,3,1.045000,169.827586,1.045000,169.827586,1.031627,1,1
2026-05-05 13:04:34,126,no_attack,4,0.987000,497.172414,0.987000,497.172414,1.027628,1,1
2026-05-05 13:04:34,126,no_attack,5,1.045000,770.344828,1.045000,770.344828,1.029213,1,1
2026-05-05 13:04:38,127,no_attack,1,0.959000,703.758621,0.959000,703.758621,1.038917,1,1
2026-05-05 13:04:38,127,no_attack,2,1.004000,894.448276,1.004000,894.448276,1.038477,1,1
2026-05-05 13:04:38,127,no_attack,3,0.985000,462.758621,0.985000,462.758621,1.033829,1,1
2026-05-05 13:04:38,127,no_attack,4,0.968000,253.586207,0.968000,253.586207,1.028778,1,1
2026-05-05 13:04:38,127,no_attack,5,1.034000,482.586207,1.034000,482.586207,1.030162,1,1
2026-05-05 13:04:42,128,no_attack,1,1.016000,631.724138,1.016000,631.724138,1.037439,1,1
2026-05-05 13:04:42,128,no_attack,2,1.008000,167.206897,1.008000,167.206897,1.037371,1,1
2026-05-05 13:04:42,128,no_attack,3,1.028000,328.896552,1.028000,328.896552,1.034624,1,1
2026-05-05 13:04:42,128,no_attack,4,0.962000,605.862069,0.962000,605.862069,1.032123,1,1
2026-05-05 13:04:42,128,no_attack,5,0.956000,769.379310,0.956000,769.379310,1.033251,1,1
2026-05-05 13:04:46,129,no_attack,1,0.970000,326.827586,0.970000,326.827586,1.036901,1,1
2026-05-05 13:04:46,129,no_attack,2,1.036000,388.793103,1.036000,388.793103,1.040345,1,1
2026-05-05 13:04:46,129,no_attack,3,0.964000,870.103448,0.964000,870.103448,1.035596,1,1
2026-05-05 13:04:46,129,no_attack,4,0.950000,849.551724,0.950000,849.551724,1.031249,1,1
2026-05-05 13:04:46,129,no_attack,5,0.964000,260.965517,0.964000,260.965517,1.032469,1,1
2026-05-05 13:04:50,130,no_attack,1,0.975000,292.931034,0.975000,292.931034,1.038946,1,1
2026-05-05 13:04:50,130,no_attack,2,1.016000,169.482759,1.016000,169.482759,1.040369,1,1
2026-05-05 13:04:50,130,no_attack,3,0.951000,793.620690,0.951000,793.620690,1.034168,1,1
2026-05-05 13:04:50,130,no_attack,4,0.973000,410.241379,0.973000,410.241379,1.030307,1,1
2026-05-05 13:04:50,130,no_attack,5,0.967000,199.000000,0.967000,199.000000,1.032213,1,1
2026-05-05 13:04:54,131,no_attack,1,0.975000,292.931034,0.975000,292.931034,1.040739,1,1
2026-05-05 13:04:54,131,no_attack,2,1.016000,169.482759,1.016000,169.482759,1.042393,1,1
2026-05-05 13:04:54,131,no_attack,3,0.951000,793.620690,0.951000,793.620690,1.035224,1,1
2026-05-05 13:04:54,131,no_attack,4,0.973000,410.241379,0.973000,410.241379,1.032934,1,1
2026-05-05 13:04:54,131,no_attack,5,0.967000,199.000000,0.967000,199.000000,1.034890,1,1
2026-05-05 13:04:58,132,no_attack,1,1.024000,540.724138,1.024000,540.724138,1.041877,1,1
2026-05-05 13:04:58,132,no_attack,2,1.024000,503.448276,1.024000,503.448276,1.043607,1,1
2026-05-05 13:04:58,132,no_attack,3,1.027000,529.275862,1.027000,529.275862,1.035743,1,1
2026-05-05 13:04:58,132,no_attack,4,0.960000,558.689655,0.960000,558.689655,1.034425,1,1
2026-05-05 13:04:58,132,no_attack,5,1.044000,177.689655,1.044000,177.689655,1.036419,1,1
2026-05-05 13:05:02,133,no_attack,1,1.028000,791.448276,1.028000,791.448276,1.040473,1,1
2026-05-05 13:05:02,133,no_attack,2,1.002000,500.862069,1.002000,500.862069,1.042753,1,1
2026-05-05 13:05:02,133,no_attack,3,1.046000,190.103448,1.046000,190.103448,1.036167,1,1
2026-05-05 13:05:02,133,no_attack,4,0.997000,459.862069,0.997000,459.862069,1.035077,1,1
2026-05-05 13:05:02,133,no_attack,5,1.018000,516.896552,1.018000,516.896552,1.037206,1,1
2026-05-05 13:05:06,134,no_attack,1,1.040000,200.379310,1.040000,200.379310,1.037537,1,1
2026-05-05 13:05:06,134,no_attack,2,0.958000,643.517241,0.958000,643.517241,1.042528,1,1
2026-05-05 13:05:06,134,no_attack,3,0.956000,378.758621,0.956000,378.758621,1.037325,1,1
2026-05-05 13:05:06,134,no_attack,4,1.012000,563.275862,1.012000,563.275862,1.035175,1,1
2026-05-05 13:05:06,134,no_attack,5,0.982000,927.413793,0.982000,927.413793,1.037029,1,1
2026-05-05 13:05:10,135,no_attack,1,1.002000,497.103448,1.002000,497.103448,1.040039,1,1
2026-05-05 13:05:10,135,no_attack,2,1.010000,225.793103,1.010000,225.793103,1.041132,1,1
2026-05-05 13:05:10,135,no_attack,3,1.020000,787.137931,1.020000,787.137931,1.035914,1,1
2026-05-05 13:05:10,135,no_attack,4,1.014000,728.103448,1.014000,728.103448,1.032173,1,1
2026-05-05 13:05:10,135,no_attack,5,1.022000,309.724138,1.022000,309.724138,1.033731,1,1
2026-05-05 13:05:14,136,no_attack,1,0.995000,328.413793,0.995000,328.413793,1.039674,1,1
2026-05-05 13:05:14,136,no_attack,2,0.983000,506.620690,0.983000,506.620690,1.041853,1,1
2026-05-05 13:05:14,136,no_attack,3,0.991000,226.965517,0.991000,226.965517,1.034937,1,1
2026-05-05 13:05:14,136,no_attack,4,0.992000,664.724138,0.992000,664.724138,1.031291,1,1
2026-05-05 13:05:14,136,no_attack,5,0.987000,272.344828,0.987000,272.344828,1.033282,1,1
2026-05-05 13:05:18,137,no_attack,1,0.995000,328.413793,0.995000,328.413793,1.040723,1,1
2026-05-05 13:05:18,137,no_attack,2,0.983000,506.620690,0.983000,506.620690,1.042011,1,1
2026-05-05 13:05:18,137,no_attack,3,0.991000,226.965517,0.991000,226.965517,1.036115,1,1
2026-05-05 13:05:18,137,no_attack,4,0.992000,664.724138,0.992000,664.724138,1.031934,1,1
2026-05-05 13:05:18,137,no_attack,5,0.987000,272.344828,0.987000,272.344828,1.034177,1,1
2026-05-05 13:05:22,138,no_attack,1,1.042000,195.482759,1.042000,195.482759,1.041395,1,1
2026-05-05 13:05:22,138,no_attack,2,1.033000,216.482759,1.033000,216.482759,1.042090,1,1
2026-05-05 13:05:22,138,no_attack,3,0.959000,746.172414,0.959000,746.172414,1.036833,1,1
2026-05-05 13:05:22,138,no_attack,4,1.031000,559.482759,1.031000,559.482759,1.032292,1,1
2026-05-05 13:05:22,138,no_attack,5,1.008000,575.931034,1.008000,575.931034,1.034700,1,1
2026-05-05 13:05:26,139,no_attack,1,0.982000,250.034483,0.982000,250.034483,1.042740,1,1
2026-05-05 13:05:26,139,no_attack,2,0.985000,669.862069,0.985000,669.862069,1.042655,1,1
2026-05-05 13:05:26,139,no_attack,3,1.025000,794.793103,1.025000,794.793103,1.035600,1,1
2026-05-05 13:05:26,139,no_attack,4,1.022000,871.931034,1.022000,871.931034,1.031215,1,1
2026-05-05 13:05:26,139,no_attack,5,1.010000,416.586207,1.010000,416.586207,1.033407,1,1
2026-05-05 13:05:30,140,no_attack,1,1.006000,312.379310,1.006000,312.379310,1.043053,1,1
2026-05-05 13:05:30,140,no_attack,2,1.014000,318.586207,1.014000,318.586207,1.040241,1,1
2026-05-05 13:05:30,140,no_attack,3,0.960000,829.896552,0.960000,829.896552,1.033212,1,1
2026-05-05 13:05:30,140,no_attack,4,0.986000,744.103448,0.986000,744.103448,1.028949,1,1
2026-05-05 13:05:30,140,no_attack,5,1.006000,762.620690,1.006000,762.620690,1.031440,1,1
2026-05-05 13:05:34,141,no_attack,1,1.034000,866.000000,1.034000,866.000000,1.042845,1,1
2026-05-05 13:05:34,141,no_attack,2,1.031000,601.413793,1.031000,601.413793,1.040337,1,1
2026-05-05 13:05:34,141,no_attack,3,1.014000,170.137931,1.014000,170.137931,1.031959,1,1
2026-05-05 13:05:34,141,no_attack,4,1.042000,752.931034,1.042000,752.931034,1.027049,1,1
2026-05-05 13:05:34,141,no_attack,5,0.976000,297.068966,0.976000,297.068966,1.029313,1,1
2026-05-05 13:05:38,142,no_attack,1,1.034000,866.000000,1.034000,866.000000,1.038420,1,1
2026-05-05 13:05:38,142,no_attack,2,1.031000,601.413793,1.031000,601.413793,1.040093,1,1
2026-05-05 13:05:38,142,no_attack,3,1.014000,170.137931,1.014000,170.137931,1.033989,1,1
2026-05-05 13:05:38,142,no_attack,4,1.042000,752.931034,1.042000,752.931034,1.028635,1,1
2026-05-05 13:05:38,142,no_attack,5,0.976000,297.068966,0.976000,297.068966,1.031120,1,1
2026-05-05 13:05:42,143,no_attack,1,1.020000,380.517241,1.020000,380.517241,1.035437,1,1
2026-05-05 13:05:42,143,no_attack,2,0.983000,159.758621,0.983000,159.758621,1.039843,1,1
2026-05-05 13:05:42,143,no_attack,3,1.036000,563.655172,1.036000,563.655172,1.035216,1,1
2026-05-05 13:05:42,143,no_attack,4,0.990000,263.344828,0.990000,263.344828,1.029583,1,1
2026-05-05 13:05:42,143,no_attack,5,1.012000,173.620690,1.012000,173.620690,1.032205,1,1
2026-05-05 13:05:46,144,no_attack,1,1.024000,309.034483,1.024000,309.034483,1.037797,1,1
2026-05-05 13:05:46,144,no_attack,2,0.991000,415.896552,0.991000,415.896552,1.042672,1,1
2026-05-05 13:05:46,144,no_attack,3,0.987000,712.206897,0.987000,712.206897,1.037118,1,1
2026-05-05 13:05:46,144,no_attack,4,1.027000,569.724138,1.027000,569.724138,1.033890,1,1
2026-05-05 13:05:46,144,no_attack,5,0.958000,201.000000,0.958000,201.000000,1.036160,1,1
2026-05-05 13:05:50,145,no_attack,1,0.965000,645.931034,0.965000,645.931034,1.039622,1,1
2026-05-05 13:05:50,145,no_attack,2,1.016000,353.931034,1.016000,353.931034,1.042402,1,1
2026-05-05 13:05:50,145,no_attack,3,1.016000,514.655172,1.016000,514.655172,1.036364,1,1
2026-05-05 13:05:50,145,no_attack,4,0.994000,363.000000,0.994000,363.000000,1.033963,1,1
2026-05-05 13:05:50,145,no_attack,5,1.025000,233.413793,1.025000,233.413793,1.036349,1,1
2026-05-05 13:05:54,146,no_attack,1,0.992000,371.206897,0.992000,371.206897,1.038562,1,1
2026-05-05 13:05:54,146,no_attack,2,1.016000,514.551724,1.016000,514.551724,1.042967,1,1
2026-05-05 13:05:54,146,no_attack,3,1.016000,184.103448,1.016000,184.103448,1.037260,1,1
2026-05-05 13:05:54,146,no_attack,4,0.989000,616.137931,0.989000,616.137931,1.035775,1,1
2026-05-05 13:05:54,146,no_attack,5,0.950000,402.241379,0.950000,402.241379,1.037926,1,1
2026-05-05 13:05:58,147,no_attack,1,0.971000,264.862069,0.971000,264.862069,1.039672,1,1
2026-05-05 13:05:58,147,no_attack,2,0.975000,412.931034,0.975000,412.931034,1.042603,1,1
2026-05-05 13:05:58,147,no_attack,3,0.950000,759.758621,0.950000,759.758621,1.037627,1,1
2026-05-05 13:05:58,147,no_attack,4,0.967000,457.379310,0.967000,457.379310,1.034763,1,1
2026-05-05 13:05:58,147,no_attack,5,1.020000,523.448276,1.020000,523.448276,1.036964,1,1
