timestamp,iterasi_ke,run_id,bus,v_berfore,v_after,i_before,i_after,v_dt,breaker_cmd,breaker_fb
2026-05-05 15:50:46,1,no_attack,1,0.000000,0.000000,0.000000,0.000000,1.000000,1,0
2026-05-05 15:50:46,1,no_attack,2,0.000000,0.000000,0.000000,0.000000,1.000000,1,0
2026-05-05 15:50:46,1,no_attack,3,0.000000,0.000000,0.000000,0.000000,1.000000,1,0
2026-05-05 15:50:46,1,no_attack,4,0.000000,0.000000,0.000000,0.000000,1.000000,1,0
2026-05-05 15:50:46,1,no_attack,5,0.000000,0.000000,0.000000,0.000000,1.000000,1,0
2026-05-05 15:50:50,2,no_attack,1,1.012000,1.012000,169.241379,169.241379,1.050041,1,1
2026-05-05 15:50:50,2,no_attack,2,0.977000,0.977000,330.241379,330.241379,1.050000,1,1
2026-05-05 15:50:50,2,no_attack,3,1.022000,1.022000,653.275862,653.275862,1.040516,1,1
2026-05-05 15:50:50,2,no_attack,4,1.039000,1.039000,210.586207,210.586207,1.037750,1,1
2026-05-05 15:50:50,2,no_attack,5,0.992000,0.992000,176.655172,176.655172,1.039604,1,1
2026-05-05 15:50:54,3,no_attack,1,0.971000,0.971000,553.586207,553.586207,1.048815,1,1
2026-05-05 15:50:54,3,no_attack,2,0.952000,0.952000,319.310345,319.310345,1.048505,1,1
2026-05-05 15:50:54,3,no_attack,3,1.014000,1.014000,559.793103,559.793103,1.040398,1,1
2026-05-05 15:50:54,3,no_attack,4,0.972000,0.972000,619.344828,619.344828,1.039671,1,1
2026-05-05 15:50:54,3,no_attack,5,1.030000,1.030000,152.758621,152.758621,1.041386,1,1
2026-05-05 15:50:58,4,no_attack,1,1.030000,1.030000,664.724138,664.724138,1.045332,1,1
2026-05-05 15:50:58,4,no_attack,2,0.984000,0.984000,275.551724,275.551724,1.047428,1,1
2026-05-05 15:50:58,4,no_attack,3,1.045000,1.045000,391.379310,391.379310,1.040190,1,1
2026-05-05 15:50:58,4,no_attack,4,0.959000,0.959000,235.931034,235.931034,1.039281,1,1
2026-05-05 15:50:58,4,no_attack,5,1.034000,1.034000,592.448276,592.448276,1.041295,1,1
2026-05-05 15:51:02,5,no_attack,1,1.030000,1.030000,688.034483,688.034483,1.041897,1,1
2026-05-05 15:51:02,5,no_attack,2,1.002000,1.002000,891.586207,891.586207,1.046925,1,1
2026-05-05 15:51:02,5,no_attack,3,0.987000,0.987000,580.689655,580.689655,1.040353,1,1
2026-05-05 15:51:02,5,no_attack,4,1.032000,1.032000,604.413793,604.413793,1.039308,1,1
2026-05-05 15:51:02,5,no_attack,5,1.036000,1.036000,572.241379,572.241379,1.040774,1,1
2026-05-05 15:51:06,6,no_attack,1,1.030000,1.030000,688.034483,688.034483,1.039077,1,1
2026-05-05 15:51:06,6,no_attack,2,1.002000,1.002000,891.586207,891.586207,1.042631,1,1
2026-05-05 15:51:06,6,no_attack,3,0.987000,0.987000,580.689655,580.689655,1.038156,1,1
2026-05-05 15:51:06,6,no_attack,4,1.032000,1.032000,604.413793,604.413793,1.036982,1,1
2026-05-05 15:51:06,6,no_attack,5,1.036000,1.036000,572.241379,572.241379,1.038467,1,1
2026-05-05 15:51:10,7,no_attack,1,1.020000,1.020000,183.724138,183.724138,1.037139,1,1
2026-05-05 15:51:10,7,no_attack,2,0.972000,0.972000,383.724138,383.724138,1.039362,1,1
2026-05-05 15:51:10,7,no_attack,3,0.957000,0.957000,344.586207,344.586207,1.035885,1,1
2026-05-05 15:51:10,7,no_attack,4,0.960000,0.960000,379.724138,379.724138,1.034422,1,1
2026-05-05 15:51:10,7,no_attack,5,1.012000,1.012000,425.068966,425.068966,1.035957,1,1
2026-05-05 15:51:14,8,no_attack,1,0.987000,0.987000,316.448276,316.448276,1.040242,1,1
2026-05-05 15:51:14,8,no_attack,2,0.976000,0.976000,887.689655,887.689655,1.041241,1,1
2026-05-05 15:51:14,8,no_attack,3,1.014000,1.014000,608.172414,608.172414,1.037107,1,1
2026-05-05 15:51:14,8,no_attack,4,0.967000,0.967000,732.793103,732.793103,1.035219,1,1
2026-05-05 15:51:14,8,no_attack,5,0.966000,0.966000,457.379310,457.379310,1.036729,1,1
2026-05-05 15:51:18,9,no_attack,1,1.048000,1.048000,610.827586,610.827586,1.040922,1,1
2026-05-05 15:51:18,9,no_attack,2,1.004000,1.004000,670.931034,670.931034,1.038689,1,1
2026-05-05 15:51:18,9,no_attack,3,1.034000,1.034000,719.758621,719.758621,1.034997,1,1
2026-05-05 15:51:18,9,no_attack,4,0.972000,0.972000,181.965517,181.965517,1.032981,1,1
2026-05-05 15:51:18,9,no_attack,5,0.981000,0.981000,363.482759,363.482759,1.034790,1,1
2026-05-05 15:51:22,10,no_attack,1,0.971000,0.971000,897.724138,897.724138,1.039156,1,1
2026-05-05 15:51:22,10,no_attack,2,1.037000,1.037000,378.310345,378.310345,1.038576,1,1
2026-05-05 15:51:22,10,no_attack,3,1.014000,1.014000,447.379310,447.379310,1.035305,1,1
2026-05-05 15:51:22,10,no_attack,4,1.041000,1.041000,482.551724,482.551724,1.035682,1,1
2026-05-05 15:51:22,10,no_attack,5,0.976000,0.976000,348.862069,348.862069,1.037126,1,1
2026-05-05 15:51:26,11,no_attack,1,0.971000,0.971000,897.724138,897.724138,1.036273,1,1
2026-05-05 15:51:26,11,no_attack,2,1.037000,1.037000,378.310345,378.310345,1.040059,1,1
2026-05-05 15:51:26,11,no_attack,3,1.014000,1.014000,447.379310,447.379310,1.036277,1,1
2026-05-05 15:51:26,11,no_attack,4,1.041000,1.041000,482.551724,482.551724,1.035753,1,1
2026-05-05 15:51:26,11,no_attack,5,0.976000,0.976000,348.862069,348.862069,1.037343,1,1
2026-05-05 15:51:30,12,no_attack,1,1.006000,1.006000,350.793103,350.793103,1.034344,1,1
2026-05-05 15:51:30,12,no_attack,2,1.008000,1.008000,830.344828,830.344828,1.040993,1,1
2026-05-05 15:51:30,12,no_attack,3,0.989000,0.989000,323.068966,323.068966,1.036887,1,1
2026-05-05 15:51:30,12,no_attack,4,1.049000,1.049000,515.551724,515.551724,1.035779,1,1
2026-05-05 15:51:30,12,no_attack,5,0.959000,0.959000,196.517241,196.517241,1.037463,1,1
2026-05-05 15:51:34,13,no_attack,1,0.960000,0.960000,656.793103,656.793103,1.034344,1,1
2026-05-05 15:51:34,13,no_attack,2,1.029000,1.029000,461.068966,461.068966,1.040993,1,1
2026-05-05 15:51:34,13,no_attack,3,0.956000,0.956000,463.862069,463.862069,1.036887,1,1
2026-05-05 15:51:34,13,no_attack,4,1.049000,1.049000,529.862069,529.862069,1.035779,1,1
2026-05-05 15:51:34,13,no_attack,5,1.047000,1.047000,772.724138,772.724138,1.037463,1,1
2026-05-05 15:51:38,14,no_attack,1,0.951000,0.951000,738.344828,738.344828,1.034805,1,1
2026-05-05 15:51:38,14,no_attack,2,1.018000,1.018000,552.103448,552.103448,1.040716,1,1
2026-05-05 15:51:38,14,no_attack,3,0.976000,0.976000,656.758621,656.758621,1.035941,1,1
2026-05-05 15:51:38,14,no_attack,4,0.961000,0.961000,503.724138,503.724138,1.033220,1,1
2026-05-05 15:51:38,14,no_attack,5,0.995000,0.995000,884.172414,884.172414,1.034695,1,1
2026-05-05 15:51:42,15,no_attack,1,1.037000,1.037000,340.655172,340.655172,1.034470,1,1
2026-05-05 15:51:42,15,no_attack,2,1.000000,1.000000,288.793103,288.793103,1.039637,1,1
2026-05-05 15:51:42,15,no_attack,3,1.041000,1.041000,784.206897,784.206897,1.034384,1,1
2026-05-05 15:51:42,15,no_attack,4,0.979000,0.979000,653.068966,653.068966,1.031352,1,1
2026-05-05 15:51:42,15,no_attack,5,1.010000,1.010000,266.206897,266.206897,1.032538,1,1
2026-05-05 15:51:46,16,no_attack,1,1.026000,1.026000,549.551724,549.551724,1.037226,1,1
2026-05-05 15:51:46,16,no_attack,2,1.027000,1.027000,541.965517,541.965517,1.040840,1,1
2026-05-05 15:51:46,16,no_attack,3,0.950000,0.950000,420.827586,420.827586,1.034238,1,1
2026-05-05 15:51:46,16,no_attack,4,0.951000,0.951000,904.689655,904.689655,1.031700,1,1
2026-05-05 15:51:46,16,no_attack,5,1.037000,1.037000,758.206897,758.206897,1.033382,1,1
2026-05-05 15:51:50,17,no_attack,1,1.026000,1.026000,549.551724,549.551724,1.037066,1,1
2026-05-05 15:51:50,17,no_attack,2,1.027000,1.027000,541.965517,541.965517,1.039798,1,1
2026-05-05 15:51:50,17,no_attack,3,0.950000,0.950000,420.827586,420.827586,1.033227,1,1
2026-05-05 15:51:50,17,no_attack,4,0.951000,0.951000,904.689655,904.689655,1.028290,1,1
2026-05-05 15:51:50,17,no_attack,5,1.037000,1.037000,758.206897,758.206897,1.030138,1,1
2026-05-05 15:51:54,18,no_attack,1,0.980000,0.980000,200.586207,200.586207,1.036956,1,1
2026-05-05 15:51:54,18,no_attack,2,1.037000,1.037000,842.965517,842.965517,1.039089,1,1
2026-05-05 15:51:54,18,no_attack,3,0.958000,0.958000,545.862069,545.862069,1.032507,1,1
2026-05-05 15:51:54,18,no_attack,4,0.956000,0.956000,765.689655,765.689655,1.025978,1,1
2026-05-05 15:51:54,18,no_attack,5,1.026000,1.026000,244.000000,244.000000,1.027937,1,1
2026-05-05 15:51:58,19,no_attack,1,0.997000,0.997000,573.344828,573.344828,1.039749,1,1
2026-05-05 15:51:58,19,no_attack,2,0.976000,0.976000,837.689655,837.689655,1.037610,1,1
2026-05-05 15:51:58,19,no_attack,3,0.992000,0.992000,316.517241,316.517241,1.032618,1,1
2026-05-05 15:51:58,19,no_attack,4,1.002000,1.002000,706.551724,706.551724,1.027671,1,1
2026-05-05 15:51:58,19,no_attack,5,0.970000,0.970000,402.344828,402.344828,1.029965,1,1
2026-05-05 15:52:02,20,no_attack,1,1.049000,1.049000,617.655172,617.655172,1.038713,1,1
2026-05-05 15:52:02,20,no_attack,2,0.993000,0.993000,550.724138,550.724138,1.037006,1,1
2026-05-05 15:52:02,20,no_attack,3,0.962000,0.962000,336.689655,336.689655,1.033335,1,1
2026-05-05 15:52:02,20,no_attack,4,0.983000,0.983000,611.172414,611.172414,1.028663,1,1
2026-05-05 15:52:02,20,no_attack,5,0.973000,0.973000,329.413793,329.413793,1.031015,1,1
2026-05-05 15:52:06,21,no_attack,1,0.957000,0.957000,662.344828,662.344828,1.037638,1,1
2026-05-05 15:52:06,21,no_attack,2,0.972000,0.972000,866.655172,866.655172,1.038388,1,1
2026-05-05 15:52:06,21,no_attack,3,1.035000,1.035000,199.413793,199.413793,1.034903,1,1
2026-05-05 15:52:06,21,no_attack,4,0.973000,0.973000,680.655172,680.655172,1.030637,1,1
2026-05-05 15:52:06,21,no_attack,5,0.971000,0.971000,260.931034,260.931034,1.032961,1,1
2026-05-05 15:52:10,22,no_attack,1,0.957000,0.957000,662.344828,662.344828,1.036910,1,1
2026-05-05 15:52:10,22,no_attack,2,0.972000,0.972000,866.655172,866.655172,1.037733,1,1
2026-05-05 15:52:10,22,no_attack,3,1.035000,1.035000,199.413793,199.413793,1.035623,1,1
2026-05-05 15:52:10,22,no_attack,4,0.973000,0.973000,680.655172,680.655172,1.031715,1,1
2026-05-05 15:52:10,22,no_attack,5,0.971000,0.971000,260.931034,260.931034,1.034131,1,1
2026-05-05 15:52:14,23,no_attack,1,1.043000,1.043000,563.586207,563.586207,1.036432,1,1
2026-05-05 15:52:14,23,no_attack,2,0.997000,0.997000,753.068966,753.068966,1.037295,1,1
2026-05-05 15:52:14,23,no_attack,3,1.030000,1.030000,288.896552,288.896552,1.036077,1,1
2026-05-05 15:52:14,23,no_attack,4,0.959000,0.959000,501.551724,501.551724,1.032404,1,1
2026-05-05 15:52:14,23,no_attack,5,0.992000,0.992000,512.689655,512.689655,1.034879,1,1
2026-05-05 15:52:18,24,no_attack,1,1.022000,1.022000,651.241379,651.241379,1.036500,1,1
2026-05-05 15:52:18,24,no_attack,2,1.048000,1.048000,217.103448,217.103448,1.037418,1,1
2026-05-05 15:52:18,24,no_attack,3,0.990000,0.990000,415.379310,415.379310,1.036240,1,1
2026-05-05 15:52:18,24,no_attack,4,1.036000,1.036000,330.275862,330.275862,1.032959,1,1
2026-05-05 15:52:18,24,no_attack,5,0.969000,0.969000,510.551724,510.551724,1.035081,1,1
2026-05-05 15:52:22,25,no_attack,1,0.992000,0.992000,367.896552,367.896552,1.036217,1,1
2026-05-05 15:52:22,25,no_attack,2,0.974000,0.974000,878.758621,878.758621,1.040512,1,1
2026-05-05 15:52:22,25,no_attack,3,0.994000,0.994000,814.172414,814.172414,1.037514,1,1
2026-05-05 15:52:22,25,no_attack,4,1.004000,1.004000,190.172414,190.172414,1.034497,1,1
2026-05-05 15:52:22,25,no_attack,5,1.049000,1.049000,752.655172,752.655172,1.036264,1,1
2026-05-05 15:52:26,26,no_attack,1,1.046000,1.046000,820.655172,820.655172,1.037987,1,1
2026-05-05 15:52:26,26,no_attack,2,1.034000,1.034000,269.965517,269.965517,1.038268,1,1
2026-05-05 15:52:26,26,no_attack,3,0.998000,0.998000,316.034483,316.034483,1.035309,1,1
2026-05-05 15:52:26,26,no_attack,4,0.990000,0.990000,199.241379,199.241379,1.034395,1,1
2026-05-05 15:52:26,26,no_attack,5,0.987000,0.987000,915.172414,915.172414,1.035513,1,1
2026-05-05 15:52:30,27,no_attack,1,1.046000,1.046000,820.655172,820.655172,1.035599,1,1
2026-05-05 15:52:30,27,no_attack,2,1.034000,1.034000,269.965517,269.965517,1.040599,1,1
2026-05-05 15:52:30,27,no_attack,3,0.998000,0.998000,316.034483,316.034483,1.036719,1,1
2026-05-05 15:52:30,27,no_attack,4,0.990000,0.990000,199.241379,199.241379,1.034832,1,1
2026-05-05 15:52:30,27,no_attack,5,0.987000,0.987000,915.172414,915.172414,1.035451,1,1
2026-05-05 15:52:34,28,no_attack,1,0.976000,0.976000,768.655172,768.655172,1.033996,1,1
2026-05-05 15:52:34,28,no_attack,2,0.995000,0.995000,477.344828,477.344828,1.042065,1,1
2026-05-05 15:52:34,28,no_attack,3,1.045000,1.045000,871.931034,871.931034,1.037588,1,1
2026-05-05 15:52:34,28,no_attack,4,1.004000,1.004000,696.620690,696.620690,1.035072,1,1
2026-05-05 15:52:34,28,no_attack,5,0.965000,0.965000,392.413793,392.413793,1.035367,1,1
2026-05-05 15:52:38,29,no_attack,1,1.046000,1.046000,567.724138,567.724138,1.033646,1,1
2026-05-05 15:52:38,29,no_attack,2,1.004000,1.004000,720.034483,720.034483,1.040756,1,1
2026-05-05 15:52:38,29,no_attack,3,0.955000,0.955000,625.862069,625.862069,1.035144,1,1
2026-05-05 15:52:38,29,no_attack,4,1.000000,1.000000,802.758621,802.758621,1.033027,1,1
2026-05-05 15:52:38,29,no_attack,5,0.965000,0.965000,916.793103,916.793103,1.034058,1,1
2026-05-05 15:52:42,30,no_attack,1,0.958000,0.958000,307.172414,307.172414,1.034393,1,1
2026-05-05 15:52:42,30,no_attack,2,1.008000,1.008000,661.275862,661.275862,1.038326,1,1
2026-05-05 15:52:42,30,no_attack,3,0.973000,0.973000,250.620690,250.620690,1.032511,1,1
2026-05-05 15:52:42,30,no_attack,4,1.039000,1.039000,327.551724,327.551724,1.028568,1,1
2026-05-05 15:52:42,30,no_attack,5,1.008000,1.008000,619.137931,619.137931,1.029838,1,1
2026-05-05 15:52:46,31,no_attack,1,0.991000,0.991000,602.620690,602.620690,1.037545,1,1
2026-05-05 15:52:46,31,no_attack,2,1.002000,1.002000,863.551724,863.551724,1.039004,1,1
2026-05-05 15:52:46,31,no_attack,3,0.970000,0.970000,720.137931,720.137931,1.034624,1,1
2026-05-05 15:52:46,31,no_attack,4,0.973000,0.973000,466.620690,466.620690,1.031212,1,1
2026-05-05 15:52:46,31,no_attack,5,1.016000,1.016000,374.931034,374.931034,1.032334,1,1
2026-05-05 15:52:50,32,no_attack,1,0.991000,0.991000,602.620690,602.620690,1.037085,1,1
2026-05-05 15:52:50,32,no_attack,2,1.002000,1.002000,863.551724,863.551724,1.037306,1,1
2026-05-05 15:52:50,32,no_attack,3,0.970000,0.970000,720.137931,720.137931,1.033854,1,1
2026-05-05 15:52:50,32,no_attack,4,0.973000,0.973000,466.620690,466.620690,1.032297,1,1
2026-05-05 15:52:50,32,no_attack,5,1.016000,1.016000,374.931034,374.931034,1.033586,1,1
2026-05-05 15:52:54,33,no_attack,1,0.981000,0.981000,739.655172,739.655172,1.036777,1,1
2026-05-05 15:52:54,33,no_attack,2,0.957000,0.957000,524.517241,524.517241,1.036165,1,1
2026-05-05 15:52:54,33,no_attack,3,1.049000,1.049000,869.034483,869.034483,1.033296,1,1
2026-05-05 15:52:54,33,no_attack,4,0.957000,0.957000,329.172414,329.172414,1.032944,1,1
2026-05-05 15:52:54,33,no_attack,5,0.976000,0.976000,885.206897,885.206897,1.034342,1,1
2026-05-05 15:52:58,34,no_attack,1,1.038000,1.038000,793.034483,793.034483,1.035629,1,1
2026-05-05 15:52:58,34,no_attack,2,0.986000,0.986000,276.482759,276.482759,1.036765,1,1
2026-05-05 15:52:58,34,no_attack,3,1.033000,1.033000,666.931034,666.931034,1.032239,1,1
2026-05-05 15:52:58,34,no_attack,4,1.010000,1.010000,895.586207,895.586207,1.032041,1,1
2026-05-05 15:52:58,34,no_attack,5,1.014000,1.014000,156.103448,156.103448,1.032992,1,1
2026-05-05 15:53:02,35,no_attack,1,1.031000,1.031000,369.172414,369.172414,1.034256,1,1
2026-05-05 15:53:02,35,no_attack,2,1.016000,1.016000,854.758621,854.758621,1.038772,1,1
2026-05-05 15:53:02,35,no_attack,3,0.963000,0.963000,249.724138,249.724138,1.032820,1,1
2026-05-05 15:53:02,35,no_attack,4,0.960000,0.960000,598.034483,598.034483,1.030983,1,1
2026-05-05 15:53:02,35,no_attack,5,1.014000,1.014000,156.103448,156.103448,1.032856,1,1
2026-05-05 15:53:06,36,no_attack,1,1.031000,1.031000,369.172414,369.172414,1.036746,1,1
2026-05-05 15:53:06,36,no_attack,2,1.016000,1.016000,854.758621,854.758621,1.038208,1,1
2026-05-05 15:53:06,36,no_attack,3,0.963000,0.963000,249.724138,249.724138,1.034659,1,1
2026-05-05 15:53:06,36,no_attack,4,0.960000,0.960000,598.034483,598.034483,1.033005,1,1
2026-05-05 15:53:06,36,no_attack,5,0.977000,0.977000,628.172414,628.172414,1.035119,1,1
2026-05-05 15:53:10,37,no_attack,1,1.020000,1.020000,301.275862,301.275862,1.038191,1,1
2026-05-05 15:53:10,37,no_attack,2,1.012000,1.012000,349.206897,349.206897,1.037291,1,1
2026-05-05 15:53:10,37,no_attack,3,0.998000,0.998000,844.068966,844.068966,1.034740,1,1
2026-05-05 15:53:10,37,no_attack,4,1.034000,1.034000,215.482759,215.482759,1.032142,1,1
2026-05-05 15:53:10,37,no_attack,5,0.992000,0.992000,366.379310,366.379310,1.034073,1,1
2026-05-05 15:53:14,38,no_attack,1,0.950000,0.950000,779.413793,779.413793,1.038191,1,1
2026-05-05 15:53:14,38,no_attack,2,1.012000,1.012000,347.586207,347.586207,1.037291,1,1
2026-05-05 15:53:14,38,no_attack,3,1.024000,1.024000,559.793103,559.793103,1.034740,1,1
2026-05-05 15:53:14,38,no_attack,4,0.992000,0.992000,161.068966,161.068966,1.032142,1,1
2026-05-05 15:53:14,38,no_attack,5,0.957000,0.957000,862.793103,862.793103,1.034073,1,1
2026-05-05 15:53:18,39,no_attack,1,1.040000,1.040000,546.620690,546.620690,1.040024,1,1
2026-05-05 15:53:18,39,no_attack,2,1.033000,1.033000,577.551724,577.551724,1.039422,1,1
2026-05-05 15:53:18,39,no_attack,3,0.964000,0.964000,258.862069,258.862069,1.035259,1,1
2026-05-05 15:53:18,39,no_attack,4,0.980000,0.980000,854.655172,854.655172,1.034660,1,1
2026-05-05 15:53:18,39,no_attack,5,1.029000,1.029000,785.793103,785.793103,1.036280,1,1
2026-05-05 15:53:22,40,no_attack,1,1.039000,1.039000,300.793103,300.793103,1.038873,1,1
2026-05-05 15:53:22,40,no_attack,2,0.974000,0.974000,236.896552,236.896552,1.038966,1,1
2026-05-05 15:53:22,40,no_attack,3,1.028000,1.028000,804.413793,804.413793,1.034482,1,1
2026-05-05 15:53:22,40,no_attack,4,0.990000,0.990000,631.896552,631.896552,1.030611,1,1
2026-05-05 15:53:22,40,no_attack,5,0.965000,0.965000,892.655172,892.655172,1.032371,1,1
2026-05-05 15:53:26,41,no_attack,1,1.036000,1.036000,865.620690,865.620690,1.040201,1,1
2026-05-05 15:53:26,41,no_attack,2,1.031000,1.031000,800.000000,800.000000,1.040061,1,1
2026-05-05 15:53:26,41,no_attack,3,0.952000,0.952000,750.000000,750.000000,1.033002,1,1
2026-05-05 15:53:26,41,no_attack,4,0.983000,0.983000,877.275862,877.275862,1.028497,1,1
2026-05-05 15:53:26,41,no_attack,5,1.030000,1.030000,787.827586,787.827586,1.030096,1,1
2026-05-05 15:53:31,42,no_attack,1,1.036000,1.036000,865.620690,865.620690,1.036244,1,1
2026-05-05 15:53:31,42,no_attack,2,1.028000,1.028000,228.413793,228.413793,1.036834,1,1
2026-05-05 15:53:31,42,no_attack,3,1.037000,1.037000,778.482759,778.482759,1.030282,1,1
2026-05-05 15:53:31,42,no_attack,4,0.972000,0.972000,797.551724,797.551724,1.025120,1,1
2026-05-05 15:53:31,42,no_attack,5,0.996000,0.996000,386.862069,386.862069,1.026859,1,1
2026-05-05 15:53:35,43,no_attack,1,1.031000,1.031000,345.310345,345.310345,1.034040,1,1
2026-05-05 15:53:35,43,no_attack,2,1.028000,1.028000,228.413793,228.413793,1.038673,1,1
2026-05-05 15:53:35,43,no_attack,3,1.037000,1.037000,778.482759,778.482759,1.030980,1,1
2026-05-05 15:53:35,43,no_attack,4,0.972000,0.972000,797.551724,797.551724,1.026164,1,1
2026-05-05 15:53:35,43,no_attack,5,0.996000,0.996000,386.862069,386.862069,1.028228,1,1
2026-05-05 15:53:39,44,no_attack,1,1.029000,1.029000,316.793103,316.793103,1.036876,1,1
2026-05-05 15:53:39,44,no_attack,2,0.952000,0.952000,314.862069,314.862069,1.040224,1,1
2026-05-05 15:53:39,44,no_attack,3,0.982000,0.982000,826.034483,826.034483,1.031538,1,1
2026-05-05 15:53:39,44,no_attack,4,1.046000,1.046000,349.137931,349.137931,1.026911,1,1
2026-05-05 15:53:39,44,no_attack,5,1.014000,1.014000,451.034483,451.034483,1.029233,1,1
2026-05-05 15:53:43,45,no_attack,1,1.048000,1.048000,535.724138,535.724138,1.039000,1,1
2026-05-05 15:53:43,45,no_attack,2,1.043000,1.043000,230.413793,230.413793,1.041356,1,1
2026-05-05 15:53:43,45,no_attack,3,1.047000,1.047000,275.758621,275.758621,1.032801,1,1
2026-05-05 15:53:43,45,no_attack,4,1.046000,1.046000,339.344828,339.344828,1.029995,1,1
2026-05-05 15:53:43,45,no_attack,5,0.960000,0.960000,503.724138,503.724138,1.031954,1,1
2026-05-05 15:53:47,46,no_attack,1,1.022000,1.022000,383.034483,383.034483,1.038644,1,1
2026-05-05 15:53:47,46,no_attack,2,1.010000,1.010000,536.931034,536.931034,1.043158,1,1
2026-05-05 15:53:47,46,no_attack,3,0.988000,0.988000,599.241379,599.241379,1.035574,1,1
2026-05-05 15:53:47,46,no_attack,4,0.975000,0.975000,710.620690,710.620690,1.032562,1,1
2026-05-05 15:53:47,46,no_attack,5,0.950000,0.950000,903.586207,903.586207,1.034262,1,1
2026-05-05 15:53:51,47,no_attack,1,1.002000,1.002000,698.620690,698.620690,1.039338,1,1
2026-05-05 15:53:51,47,no_attack,2,1.024000,1.024000,648.379310,648.379310,1.041359,1,1
2026-05-05 15:53:51,47,no_attack,3,0.986000,0.986000,208.758621,208.758621,1.033847,1,1
2026-05-05 15:53:51,47,no_attack,4,1.016000,1.016000,397.862069,397.862069,1.029598,1,1
2026-05-05 15:53:51,47,no_attack,5,0.981000,0.981000,814.551724,814.551724,1.031215,1,1
2026-05-05 15:53:55,48,no_attack,1,1.002000,1.002000,698.620690,698.620690,1.037529,1,1
2026-05-05 15:53:55,48,no_attack,2,1.024000,1.024000,648.379310,648.379310,1.040517,1,1
2026-05-05 15:53:55,48,no_attack,3,0.986000,0.986000,208.758621,208.758621,1.034970,1,1
2026-05-05 15:53:55,48,no_attack,4,1.016000,1.016000,397.862069,397.862069,1.030608,1,1
2026-05-05 15:53:55,48,no_attack,5,0.981000,0.981000,814.551724,814.551724,1.031861,1,1
2026-05-05 15:53:59,49,no_attack,1,1.020000,1.020000,373.413793,373.413793,1.036335,1,1
2026-05-05 15:53:59,49,no_attack,2,0.980000,0.980000,473.068966,473.068966,1.039932,1,1
2026-05-05 15:53:59,49,no_attack,3,0.990000,0.990000,381.793103,381.793103,1.035658,1,1
2026-05-05 15:53:59,49,no_attack,4,0.962000,0.962000,491.551724,491.551724,1.031229,1,1
2026-05-05 15:53:59,49,no_attack,5,1.044000,1.044000,640.965517,640.965517,1.032246,1,1
2026-05-05 15:54:03,50,no_attack,1,1.040000,1.040000,597.965517,597.965517,1.038118,1,1
2026-05-05 15:54:03,50,no_attack,2,0.980000,0.980000,582.068966,582.068966,1.040594,1,1
2026-05-05 15:54:03,50,no_attack,3,0.950000,0.950000,390.931034,390.931034,1.035922,1,1
2026-05-05 15:54:03,50,no_attack,4,0.992000,0.992000,599.137931,599.137931,1.031478,1,1
2026-05-05 15:54:03,50,no_attack,5,1.014000,1.014000,499.482759,499.482759,1.032558,1,1
2026-05-05 15:54:07,51,no_attack,1,0.994000,0.994000,317.379310,317.379310,1.037372,1,1
2026-05-05 15:54:07,51,no_attack,2,0.997000,0.997000,842.206897,842.206897,1.040305,1,1
2026-05-05 15:54:07,51,no_attack,3,1.029000,1.029000,273.862069,273.862069,1.035926,1,1
2026-05-05 15:54:07,51,no_attack,4,0.958000,0.958000,569.344828,569.344828,1.031542,1,1
2026-05-05 15:54:07,51,no_attack,5,1.012000,1.012000,402.862069,402.862069,1.032895,1,1
2026-05-05 15:54:11,52,no_attack,1,1.031000,1.031000,703.103448,703.103448,1.039175,1,1
2026-05-05 15:54:11,52,no_attack,2,1.016000,1.016000,318.379310,318.379310,1.040305,1,1
2026-05-05 15:54:11,52,no_attack,3,0.969000,0.969000,176.482759,176.482759,1.035926,1,1
2026-05-05 15:54:11,52,no_attack,4,0.974000,0.974000,528.448276,528.448276,1.031542,1,1
2026-05-05 15:54:11,52,no_attack,5,1.034000,1.034000,201.068966,201.068966,1.032895,1,1
2026-05-05 15:54:15,53,no_attack,1,1.031000,1.031000,703.103448,703.103448,1.039175,1,1
2026-05-05 15:54:15,53,no_attack,2,1.016000,1.016000,318.379310,318.379310,1.039056,1,1
2026-05-05 15:54:15,53,no_attack,3,0.969000,0.969000,176.482759,176.482759,1.036017,1,1
2026-05-05 15:54:15,53,no_attack,4,0.974000,0.974000,528.448276,528.448276,1.032267,1,1
2026-05-05 15:54:15,53,no_attack,5,1.034000,1.034000,201.068966,201.068966,1.033833,1,1
2026-05-05 15:54:19,54,no_attack,1,0.991000,0.991000,638.379310,638.379310,1.037512,1,1
2026-05-05 15:54:19,54,no_attack,2,0.969000,0.969000,705.241379,705.241379,1.041393,1,1
2026-05-05 15:54:19,54,no_attack,3,0.999000,0.999000,338.827586,338.827586,1.038049,1,1
2026-05-05 15:54:19,54,no_attack,4,1.014000,1.014000,154.344828,154.344828,1.034240,1,1
2026-05-05 15:54:19,54,no_attack,5,1.025000,1.025000,721.793103,721.793103,1.036060,1,1
2026-05-05 15:54:23,55,no_attack,1,0.960000,0.960000,496.344828,496.344828,1.036925,1,1
2026-05-05 15:54:23,55,no_attack,2,0.967000,0.967000,912.827586,912.827586,1.040632,1,1
2026-05-05 15:54:23,55,no_attack,3,1.000000,1.000000,190.517241,190.517241,1.038035,1,1
2026-05-05 15:54:23,55,no_attack,4,0.974000,0.974000,820.206897,820.206897,1.035499,1,1
2026-05-05 15:54:23,55,no_attack,5,0.995000,0.995000,767.172414,767.172414,1.036649,1,1
2026-05-05 15:54:27,56,no_attack,1,1.016000,1.016000,891.137931,891.137931,1.037460,1,1
2026-05-05 15:54:27,56,no_attack,2,1.008000,1.008000,868.896552,868.896552,1.038350,1,1
2026-05-05 15:54:27,56,no_attack,3,1.039000,1.039000,596.517241,596.517241,1.036104,1,1
2026-05-05 15:54:27,56,no_attack,4,1.020000,1.020000,526.034483,526.034483,1.031571,1,1
2026-05-05 15:54:27,56,no_attack,5,1.033000,1.033000,552.172414,552.172414,1.033006,1,1
2026-05-05 15:54:31,57,no_attack,1,1.039000,1.039000,692.275862,692.275862,1.034531,1,1
2026-05-05 15:54:31,57,no_attack,2,0.997000,0.997000,351.137931,351.137931,1.036379,1,1
2026-05-05 15:54:31,57,no_attack,3,0.974000,0.974000,655.517241,655.517241,1.034305,1,1
2026-05-05 15:54:31,57,no_attack,4,1.026000,1.026000,535.931034,535.931034,1.031096,1,1
2026-05-05 15:54:31,57,no_attack,5,1.012000,1.012000,357.448276,357.448276,1.032512,1,1
2026-05-05 15:54:35,58,no_attack,1,0.957000,0.957000,386.827586,386.827586,1.034399,1,1
2026-05-05 15:54:35,58,no_attack,2,0.977000,0.977000,405.655172,405.655172,1.038578,1,1
2026-05-05 15:54:35,58,no_attack,3,1.004000,1.004000,257.068966,257.068966,1.034887,1,1
2026-05-05 15:54:35,58,no_attack,4,0.973000,0.973000,700.689655,700.689655,1.032129,1,1
2026-05-05 15:54:35,58,no_attack,5,1.020000,1.020000,197.448276,197.448276,1.033750,1,1
2026-05-05 15:54:39,59,no_attack,1,0.957000,0.957000,386.827586,386.827586,1.037079,1,1
2026-05-05 15:54:39,59,no_attack,2,0.977000,0.977000,405.655172,405.655172,1.040538,1,1
2026-05-05 15:54:39,59,no_attack,3,1.004000,1.004000,257.068966,257.068966,1.036453,1,1
2026-05-05 15:54:39,59,no_attack,4,0.973000,0.973000,700.689655,700.689655,1.032879,1,1
2026-05-05 15:54:39,59,no_attack,5,1.020000,1.020000,197.448276,197.448276,1.034954,1,1
2026-05-05 15:54:43,60,no_attack,1,0.990000,0.990000,571.724138,571.724138,1.038777,1,1
2026-05-05 15:54:43,60,no_attack,2,0.991000,0.991000,312.931034,312.931034,1.041697,1,1
2026-05-05 15:54:43,60,no_attack,3,0.992000,0.992000,849.517241,849.517241,1.037271,1,1
2026-05-05 15:54:43,60,no_attack,4,1.008000,1.008000,677.379310,677.379310,1.033118,1,1
2026-05-05 15:54:43,60,no_attack,5,1.035000,1.035000,711.137931,711.137931,1.035494,1,1
2026-05-05 15:54:47,61,no_attack,1,0.988000,0.988000,158.931034,158.931034,1.038195,1,1
2026-05-05 15:54:47,61,no_attack,2,0.985000,0.985000,738.206897,738.206897,1.041351,1,1
2026-05-05 15:54:47,61,no_attack,3,1.035000,1.035000,849.758621,849.758621,1.034860,1,1
2026-05-05 15:54:47,61,no_attack,4,0.991000,0.991000,728.620690,728.620690,1.030487,1,1
2026-05-05 15:54:47,61,no_attack,5,1.004000,1.004000,609.862069,609.862069,1.032613,1,1
2026-05-05 15:54:51,62,no_attack,1,0.972000,0.972000,329.103448,329.103448,1.040750,1,1
2026-05-05 15:54:51,62,no_attack,2,0.993000,0.993000,175.793103,175.793103,1.038905,1,1
2026-05-05 15:54:51,62,no_attack,3,0.983000,0.983000,681.758621,681.758621,1.032267,1,1
2026-05-05 15:54:51,62,no_attack,4,0.990000,0.990000,281.103448,281.103448,1.028497,1,1
2026-05-05 15:54:51,62,no_attack,5,0.996000,0.996000,250.724138,250.724138,1.030618,1,1
2026-05-05 15:54:55,63,no_attack,1,1.012000,1.012000,171.000000,171.000000,1.041683,1,1
2026-05-05 15:54:55,63,no_attack,2,0.989000,0.989000,589.275862,589.275862,1.041716,1,1
2026-05-05 15:54:55,63,no_attack,3,0.952000,0.952000,674.724138,674.724138,1.034622,1,1
2026-05-05 15:54:55,63,no_attack,4,0.963000,0.963000,523.758621,523.758621,1.032605,1,1
2026-05-05 15:54:55,63,no_attack,5,0.955000,0.955000,462.517241,462.517241,1.034512,1,1
2026-05-05 15:54:59,64,no_attack,1,1.012000,1.012000,171.000000,171.000000,1.043067,1,1
2026-05-05 15:54:59,64,no_attack,2,0.989000,0.989000,589.275862,589.275862,1.040845,1,1
2026-05-05 15:54:59,64,no_attack,3,0.952000,0.952000,674.724138,674.724138,1.034324,1,1
2026-05-05 15:54:59,64,no_attack,4,0.963000,0.963000,523.758621,523.758621,1.032600,1,1
2026-05-05 15:54:59,64,no_attack,5,0.955000,0.955000,462.517241,462.517241,1.034471,1,1
2026-05-05 15:55:03,65,no_attack,1,0.971000,0.971000,413.793103,413.793103,1.043952,1,1
2026-05-05 15:55:03,65,no_attack,2,1.026000,1.026000,430.482759,430.482759,1.040271,1,1
2026-05-05 15:55:03,65,no_attack,3,1.025000,1.025000,767.758621,767.758621,1.034125,1,1
2026-05-05 15:55:03,65,no_attack,4,0.975000,0.975000,220.482759,220.482759,1.032592,1,1
2026-05-05 15:55:03,65,no_attack,5,0.951000,0.951000,592.482759,592.482759,1.034439,1,1
2026-05-05 15:55:07,66,no_attack,1,1.049000,1.049000,399.517241,399.517241,1.042962,1,1
2026-05-05 15:55:07,66,no_attack,2,1.014000,1.014000,737.379310,737.379310,1.040666,1,1
2026-05-05 15:55:07,66,no_attack,3,1.014000,1.014000,716.965517,716.965517,1.034427,1,1
2026-05-05 15:55:07,66,no_attack,4,1.044000,1.044000,291.482759,291.482759,1.034145,1,1
2026-05-05 15:55:07,66,no_attack,5,0.952000,0.952000,282.310345,282.310345,1.035539,1,1
2026-05-05 15:55:11,67,no_attack,1,0.962000,0.962000,688.931034,688.931034,1.042103,1,1
2026-05-05 15:55:11,67,no_attack,2,1.006000,1.006000,316.758621,316.758621,1.039486,1,1
2026-05-05 15:55:11,67,no_attack,3,1.018000,1.018000,723.103448,723.103448,1.034625,1,1
2026-05-05 15:55:11,67,no_attack,4,0.966000,0.966000,636.896552,636.896552,1.035804,1,1
2026-05-05 15:55:11,67,no_attack,5,1.024000,1.024000,234.103448,234.103448,1.037208,1,1
2026-05-05 15:55:15,68,no_attack,1,1.031000,1.031000,860.931034,860.931034,1.039829,1,1
2026-05-05 15:55:15,68,no_attack,2,0.960000,0.960000,179.137931,179.137931,1.040617,1,1
2026-05-05 15:55:15,68,no_attack,3,0.981000,0.981000,682.034483,682.034483,1.034776,1,1
2026-05-05 15:55:15,68,no_attack,4,1.045000,1.045000,435.172414,435.172414,1.035049,1,1
2026-05-05 15:55:15,68,no_attack,5,1.020000,1.020000,206.068966,206.068966,1.036836,1,1
2026-05-05 15:55:19,69,no_attack,1,1.031000,1.031000,860.931034,860.931034,1.036704,1,1
2026-05-05 15:55:19,69,no_attack,2,0.960000,0.960000,179.137931,179.137931,1.042414,1,1
2026-05-05 15:55:19,69,no_attack,3,0.981000,0.981000,682.034483,682.034483,1.035965,1,1
2026-05-05 15:55:19,69,no_attack,4,1.045000,1.045000,435.172414,435.172414,1.036028,1,1
2026-05-05 15:55:19,69,no_attack,5,1.020000,1.020000,206.068966,206.068966,1.037894,1,1
2026-05-05 15:55:23,70,no_attack,1,1.018000,1.018000,619.172414,619.172414,1.034608,1,1
2026-05-05 15:55:23,70,no_attack,2,0.960000,0.960000,772.517241,772.517241,1.043545,1,1
2026-05-05 15:55:23,70,no_attack,3,1.035000,1.035000,589.862069,589.862069,1.036713,1,1
2026-05-05 15:55:23,70,no_attack,4,0.962000,0.962000,938.551724,938.551724,1.036640,1,1
2026-05-05 15:55:23,70,no_attack,5,1.028000,1.028000,405.896552,405.896552,1.038556,1,1
2026-05-05 15:55:27,71,no_attack,1,0.992000,0.992000,438.344828,438.344828,1.034852,1,1
2026-05-05 15:55:27,71,no_attack,2,1.000000,1.000000,412.586207,412.586207,1.040513,1,1
2026-05-05 15:55:27,71,no_attack,3,1.034000,1.034000,753.448276,753.448276,1.034492,1,1
2026-05-05 15:55:27,71,no_attack,4,0.960000,0.960000,921.758621,921.758621,1.032715,1,1
2026-05-05 15:55:27,71,no_attack,5,1.012000,1.012000,774.172414,774.172414,1.035007,1,1
2026-05-05 15:55:31,72,no_attack,1,1.020000,1.020000,474.862069,474.862069,1.036541,1,1
2026-05-05 15:55:31,72,no_attack,2,1.022000,1.022000,868.655172,868.655172,1.039747,1,1
2026-05-05 15:55:31,72,no_attack,3,0.977000,0.977000,787.103448,787.103448,1.032146,1,1
2026-05-05 15:55:31,72,no_attack,4,1.002000,1.002000,519.310345,519.310345,1.028259,1,1
2026-05-05 15:55:31,72,no_attack,5,0.993000,0.993000,714.758621,714.758621,1.030549,1,1
2026-05-05 15:55:35,73,no_attack,1,0.976000,0.976000,821.241379,821.241379,1.037165,1,1
2026-05-05 15:55:35,73,no_attack,2,1.033000,1.033000,211.655172,211.655172,1.037099,1,1
2026-05-05 15:55:35,73,no_attack,3,1.038000,1.038000,326.103448,326.103448,1.030849,1,1
2026-05-05 15:55:35,73,no_attack,4,0.996000,0.996000,620.275862,620.275862,1.028061,1,1
2026-05-05 15:55:35,73,no_attack,5,0.987000,0.987000,176.551724,176.551724,1.029953,1,1
2026-05-05 15:55:39,74,no_attack,1,0.976000,0.976000,821.241379,821.241379,1.035610,1,1
2026-05-05 15:55:39,74,no_attack,2,1.033000,1.033000,211.655172,211.655172,1.040403,1,1
2026-05-05 15:55:39,74,no_attack,3,1.038000,1.038000,326.103448,326.103448,1.034351,1,1
2026-05-05 15:55:39,74,no_attack,4,0.996000,0.996000,620.275862,620.275862,1.031139,1,1
2026-05-05 15:55:39,74,no_attack,5,0.987000,0.987000,176.551724,176.551724,1.033291,1,1
2026-05-05 15:55:43,75,no_attack,1,1.035000,1.035000,281.344828,281.344828,1.034555,1,1
2026-05-05 15:55:43,75,no_attack,2,0.971000,0.971000,783.655172,783.655172,1.042429,1,1
2026-05-05 15:55:43,75,no_attack,3,0.984000,0.984000,837.379310,837.379310,1.036418,1,1
2026-05-05 15:55:43,75,no_attack,4,1.020000,1.020000,356.103448,356.103448,1.032884,1,1
2026-05-05 15:55:43,75,no_attack,5,0.951000,0.951000,920.793103,920.793103,1.035215,1,1
2026-05-05 15:55:47,76,no_attack,1,0.958000,0.958000,732.137931,732.137931,1.037476,1,1
2026-05-05 15:55:47,76,no_attack,2,0.998000,0.998000,731.689655,731.689655,1.039755,1,1
2026-05-05 15:55:47,76,no_attack,3,1.018000,1.018000,633.137931,633.137931,1.034018,1,1
2026-05-05 15:55:47,76,no_attack,4,0.999000,0.999000,758.068966,758.068966,1.031687,1,1
2026-05-05 15:55:47,76,no_attack,5,0.959000,0.959000,335.206897,335.206897,1.033317,1,1
2026-05-05 15:55:51,77,no_attack,1,1.018000,1.018000,378.827586,378.827586,1.036218,1,1
2026-05-05 15:55:51,77,no_attack,2,0.998000,0.998000,731.689655,731.689655,1.038230,1,1
2026-05-05 15:55:51,77,no_attack,3,1.018000,1.018000,633.137931,633.137931,1.033143,1,1
2026-05-05 15:55:51,77,no_attack,4,0.999000,0.999000,758.068966,758.068966,1.030776,1,1
2026-05-05 15:55:51,77,no_attack,5,0.959000,0.959000,335.206897,335.206897,1.032789,1,1
2026-05-05 15:55:55,78,no_attack,1,1.018000,1.018000,378.827586,378.827586,1.037848,1,1
2026-05-05 15:55:55,78,no_attack,2,1.008000,1.008000,509.379310,509.379310,1.037420,1,1
2026-05-05 15:55:55,78,no_attack,3,1.002000,1.002000,475.620690,475.620690,1.032588,1,1
2026-05-05 15:55:55,78,no_attack,4,1.024000,1.024000,395.137931,395.137931,1.030144,1,1
2026-05-05 15:55:55,78,no_attack,5,1.020000,1.020000,352.034483,352.034483,1.032437,1,1
2026-05-05 15:55:59,79,no_attack,1,0.975000,0.975000,250.793103,250.793103,1.039132,1,1
2026-05-05 15:55:59,79,no_attack,2,0.969000,0.969000,251.448276,251.448276,1.038967,1,1
2026-05-05 15:55:59,79,no_attack,3,1.002000,1.002000,731.310345,731.310345,1.034432,1,1
2026-05-05 15:55:59,79,no_attack,4,0.968000,0.968000,327.931034,327.931034,1.032613,1,1
2026-05-05 15:55:59,79,no_attack,5,0.998000,0.998000,706.344828,706.344828,1.034668,1,1
2026-05-05 15:56:03,80,no_attack,1,1.047000,1.047000,527.586207,527.586207,1.039132,1,1
2026-05-05 15:56:03,80,no_attack,2,0.978000,0.978000,234.310345,234.310345,1.038967,1,1
2026-05-05 15:56:03,80,no_attack,3,0.969000,0.969000,336.344828,336.344828,1.034432,1,1
2026-05-05 15:56:03,80,no_attack,4,0.967000,0.967000,168.724138,168.724138,1.032613,1,1
2026-05-05 15:56:03,80,no_attack,5,1.002000,1.002000,360.551724,360.551724,1.034668,1,1
2026-05-05 15:56:07,81,no_attack,1,1.047000,1.047000,548.620690,548.620690,1.038901,1,1
2026-05-05 15:56:07,81,no_attack,2,1.018000,1.018000,244.034483,244.034483,1.041999,1,1
2026-05-05 15:56:07,81,no_attack,3,1.036000,1.036000,508.241379,508.241379,1.037293,1,1
2026-05-05 15:56:07,81,no_attack,4,1.037000,1.037000,569.206897,569.206897,1.036018,1,1
2026-05-05 15:56:07,81,no_attack,5,0.996000,0.996000,490.000000,490.000000,1.037662,1,1
2026-05-05 15:56:11,82,no_attack,1,1.047000,1.047000,548.620690,548.620690,1.038372,1,1
2026-05-05 15:56:11,82,no_attack,2,1.018000,1.018000,244.034483,244.034483,1.042783,1,1
2026-05-05 15:56:11,82,no_attack,3,1.036000,1.036000,508.241379,508.241379,1.036899,1,1
2026-05-05 15:56:11,82,no_attack,4,1.037000,1.037000,569.206897,569.206897,1.034478,1,1
2026-05-05 15:56:11,82,no_attack,5,0.955000,0.955000,278.793103,278.793103,1.036227,1,1
2026-05-05 15:56:15,83,no_attack,1,0.968000,0.968000,197.965517,197.965517,1.038082,1,1
2026-05-05 15:56:15,83,no_attack,2,1.044000,1.044000,495.103448,495.103448,1.043485,1,1
2026-05-05 15:56:15,83,no_attack,3,1.032000,1.032000,443.896552,443.896552,1.037057,1,1
2026-05-05 15:56:15,83,no_attack,4,0.957000,0.957000,660.793103,660.793103,1.034369,1,1
2026-05-05 15:56:15,83,no_attack,5,0.955000,0.955000,278.793103,278.793103,1.036358,1,1
2026-05-05 15:56:19,84,no_attack,1,1.006000,1.006000,381.896552,381.896552,1.040697,1,1
2026-05-05 15:56:19,84,no_attack,2,1.049000,1.049000,231.448276,231.448276,1.042656,1,1
2026-05-05 15:56:19,84,no_attack,3,1.026000,1.026000,599.172414,599.172414,1.036642,1,1
2026-05-05 15:56:19,84,no_attack,4,1.029000,1.029000,315.517241,315.517241,1.033757,1,1
2026-05-05 15:56:19,84,no_attack,5,1.002000,1.002000,495.068966,495.068966,1.035974,1,1
2026-05-05 15:56:23,85,no_attack,1,0.994000,0.994000,813.310345,813.310345,1.041050,1,1
2026-05-05 15:56:23,85,no_attack,2,1.049000,1.049000,367.482759,367.482759,1.043458,1,1
2026-05-05 15:56:23,85,no_attack,3,1.012000,1.012000,610.172414,610.172414,1.036752,1,1
2026-05-05 15:56:23,85,no_attack,4,1.024000,1.024000,854.827586,854.827586,1.034502,1,1
2026-05-05 15:56:23,85,no_attack,5,0.970000,0.970000,322.931034,322.931034,1.036338,1,1
2026-05-05 15:56:27,86,no_attack,1,1.016000,1.016000,268.034483,268.034483,1.037888,1,1
2026-05-05 15:56:27,86,no_attack,2,0.967000,0.967000,216.862069,216.862069,1.042581,1,1
2026-05-05 15:56:27,86,no_attack,3,0.950000,0.950000,522.137931,522.137931,1.035697,1,1
2026-05-05 15:56:27,86,no_attack,4,1.008000,1.008000,371.206897,371.206897,1.032376,1,1
2026-05-05 15:56:27,86,no_attack,5,0.973000,0.973000,710.862069,710.862069,1.034664,1,1
2026-05-05 15:56:31,87,no_attack,1,1.020000,1.020000,488.931034,488.931034,1.040044,1,1
2026-05-05 15:56:31,87,no_attack,2,1.018000,1.018000,841.517241,841.517241,1.043573,1,1
2026-05-05 15:56:31,87,no_attack,3,1.028000,1.028000,611.724138,611.724138,1.036050,1,1
2026-05-05 15:56:31,87,no_attack,4,1.016000,1.016000,851.000000,851.000000,1.032518,1,1
2026-05-05 15:56:31,87,no_attack,5,0.992000,0.992000,572.206897,572.206897,1.034323,1,1
2026-05-05 15:56:35,88,no_attack,1,1.014000,1.014000,833.137931,833.137931,1.039324,1,1
2026-05-05 15:56:35,88,no_attack,2,1.032000,1.032000,200.448276,200.448276,1.039870,1,1
2026-05-05 15:56:35,88,no_attack,3,0.966000,0.966000,400.551724,400.551724,1.033628,1,1
2026-05-05 15:56:35,88,no_attack,4,1.024000,1.024000,572.448276,572.448276,1.029610,1,1
2026-05-05 15:56:35,88,no_attack,5,0.978000,0.978000,252.724138,252.724138,1.031680,1,1
2026-05-05 15:56:39,89,no_attack,1,1.014000,1.014000,833.137931,833.137931,1.036666,1,1
2026-05-05 15:56:39,89,no_attack,2,1.032000,1.032000,200.448276,200.448276,1.042027,1,1
2026-05-05 15:56:39,89,no_attack,3,0.966000,0.966000,400.551724,400.551724,1.035737,1,1
2026-05-05 15:56:39,89,no_attack,4,1.024000,1.024000,572.448276,572.448276,1.031757,1,1
2026-05-05 15:56:39,89,no_attack,5,0.978000,0.978000,252.724138,252.724138,1.033939,1,1
